timestamp,can_id,dlc,data0,data1,data2,data3,data4,data5,data6,data7
2025-12-03 13:48:55.660,0x5EB,3,03,01,06,,,,,
2025-12-03 13:48:55.688,0x15,7,00,01,0A,00,00,01,06,
2025-12-03 13:48:55.689,0xA0,3,00,01,0D,,,,,
2025-12-03 13:48:55.690,0xB4,8,1A,6F,1A,6F,1A,6F,1A,6F
2025-12-03 13:48:55.698,0x15,7,00,01,0A,00,00,02,05,
2025-12-03 13:48:55.698,0xB4,8,1A,6F,1A,6F,1A,6F,1A,6F
2025-12-03 13:48:55.709,0x232,4,00,00,01,00,,,,
2025-12-03 13:48:55.709,0x227,3,01,01,0B,,,,,
2025-12-03 13:48:55.710,0xA0,3,00,02,0F,,,,,
2025-12-03 13:48:55.719,0xB4,8,1A,6F,1A,6F,1A,6F,1A,6F
2025-12-03 13:48:55.720,0x15,7,00,01,0A,00,00,03,04,
2025-12-03 13:48:55.721,0x5EC,3,03,01,05,,,,,
2025-12-03 13:48:55.730,0xB4,8,1A,6F,1A,6F,1A,6F,1A,6F
2025-12-03 13:48:55.731,0x232,4,00,00,02,0F,,,,
2025-12-03 13:48:55.732,0x227,3,01,0C,05,,,,,
2025-12-03 13:48:55.741,0xA0,3,00,03,0C,,,,,
2025-12-03 13:48:55.742,0xB4,8,1A,6F,1A,6F,1A,6F,1A,6F
2025-12-03 13:48:55.751,0x15,7,00,01,0A,00,00,04,03,
2025-12-03 13:48:55.752,0x15,7,00,01,0A,00,00,06,01,
2025-12-03 13:48:55.752,0xB4,8,1A,6F,1A,6F,1A,6F,1A,6F
2025-12-03 13:48:55.761,0x232,4,00,00,03,0E,,,,
2025-12-03 13:48:55.762,0x15,7,00,01,0A,00,00,07,00,
2025-12-03 13:48:55.763,0xB4,8,1A,6F,1A,6F,1A,6F,1A,6F
2025-12-03 13:48:55.772,0x227,3,01,06,01,,,,,
2025-12-03 13:48:55.773,0x15,7,00,01,0A,00,00,08,0F,
2025-12-03 13:48:55.782,0xB4,8,1A,6F,1A,6F,1A,6F,1A,6F
2025-12-03 13:48:55.783,0x232,4,00,00,04,0D,,,,
2025-12-03 13:48:55.784,0x15,7,00,01,0A,00,00,09,0E,
2025-12-03 13:48:55.793,0x25D,3,00,01,03,,,,,
2025-12-03 13:48:55.794,0xB4,8,1A,6F,1A,6F,1A,6F,1A,6F
2025-12-03 13:48:55.794,0x15,7,00,01,0A,00,00,0A,0D,
2025-12-03 13:48:55.803,0x38F,3,01,01,0C,,,,,
2025-12-03 13:48:55.804,0x242,3,00,01,0F,,,,,
2025-12-03 13:48:55.805,0x232,4,00,00,05,0C,,,,
2025-12-03 13:48:55.813,0x109,3,02,01,0B,,,,,
2025-12-03 13:48:55.814,0xA0,3,00,06,0D,,,,,
2025-12-03 13:48:55.814,0xB4,8,1A,6F,1A,6F,1A,6F,1A,6F
2025-12-03 13:48:55.824,0x15,7,00,01,0A,00,00,0C,0B,
2025-12-03 13:48:55.825,0xB4,8,1A,6F,1A,6F,1A,6F,1A,6F
2025-12-03 13:48:55.825,0x242,3,00,02,0E,,,,,
2025-12-03 13:48:55.835,0x232,4,00,00,06,0B,,,,
2025-12-03 13:48:55.836,0x15,7,00,01,0A,00,00,0D,0A,
2025-12-03 13:48:55.836,0xB4,8,1A,6F,1A,6F,1A,6F,1A,6F
2025-12-03 13:48:55.845,0x109,3,02,03,09,,,,,
2025-12-03 13:48:55.846,0x15,7,00,01,0A,00,00,0E,09,
2025-12-03 13:48:55.847,0xB4,8,1A,6F,1A,6F,1A,6F,1A,6F
2025-12-03 13:48:55.856,0x242,3,00,03,0D,,,,,
2025-12-03 13:48:55.857,0x227,3,01,0A,09,,,,,
2025-12-03 13:48:55.857,0xA0,3,00,08,0C,,,,,
2025-12-03 13:48:55.866,0xB4,8,1A,6F,1A,6F,1A,6F,1A,6F
2025-12-03 13:48:55.867,0x25D,3,00,03,01,,,,,
2025-12-03 13:48:55.868,0x15,7,00,01,0A,00,00,00,07,
2025-12-03 13:48:55.877,0x242,3,00,04,0C,,,,,
2025-12-03 13:48:55.877,0x109,3,02,05,07,,,,,
2025-12-03 13:48:55.878,0x227,3,01,0A,09,,,,,
2025-12-03 13:48:55.887,0xA0,3,00,09,09,,,,,
2025-12-03 13:48:55.888,0xB4,8,1A,6F,1A,6F,1A,6F,1A,6F
2025-12-03 13:48:55.889,0x109,3,02,06,06,,,,,
2025-12-03 13:48:55.897,0x15,7,00,01,0A,00,00,02,05,
2025-12-03 13:48:55.898,0x242,3,00,05,0B,,,,,
2025-12-03 13:48:55.898,0x232,4,00,00,09,08,,,,
2025-12-03 13:48:55.907,0x227,3,01,0A,09,,,,,
2025-12-03 13:48:55.908,0x109,3,02,07,05,,,,,
2025-12-03 13:48:55.909,0xB4,8,1A,6F,1A,6F,1A,6F,1A,6F
2025-12-03 13:48:55.918,0x227,3,01,02,09,,,,,
2025-12-03 13:48:55.919,0x15,7,00,01,0A,00,00,04,03,
2025-12-03 13:48:55.920,0xB4,8,1A,6F,1A,6F,1A,6F,1A,6F
2025-12-03 13:48:55.929,0x109,3,02,08,04,,,,,
2025-12-03 13:48:55.929,0x227,3,01,0A,09,,,,,
2025-12-03 13:48:55.930,0xA0,3,00,0B,08,,,,,
2025-12-03 13:48:55.939,0xB4,8,1A,6F,1A,6F,1A,6F,1A,6F
2025-12-03 13:48:55.940,0x109,3,02,09,03,,,,,
2025-12-03 13:48:55.940,0x42,6,02,00,02,00,05,09,,
2025-12-03 13:48:55.950,0xB4,8,1A,6F,1A,6F,1A,6F,1A,6F
2025-12-03 13:48:55.950,0x25D,3,00,05,0F,,,,,
2025-12-03 13:48:55.951,0x227,3,01,0A,09,,,,,
2025-12-03 13:48:55.960,0x109,3,02,0A,02,,,,,
2025-12-03 13:48:55.961,0xB4,8,1A,6F,1A,6F,1A,6F,1A,6F
2025-12-03 13:48:55.961,0x15,7,00,01,0A,00,00,08,0F,
2025-12-03 13:48:55.971,0x42,6,02,00,02,00,07,07,,
2025-12-03 13:48:55.971,0xB4,8,1A,6F,1A,6F,1A,6F,1A,6F
2025-12-03 13:48:55.972,0x109,3,02,0B,01,,,,,
2025-12-03 13:48:55.982,0x15,7,00,01,0A,00,00,09,0E,
2025-12-03 13:48:55.983,0xB4,8,1A,6F,1A,6F,1A,6F,1A,6F
2025-12-03 13:48:55.992,0x25D,3,00,06,0E,,,,,
2025-12-03 13:48:55.993,0x15,7,00,01,0A,00,00,0A,0D,
2025-12-03 13:48:55.993,0xB4,8,1A,6F,1A,6F,1A,6F,1A,6F
2025-12-03 13:48:56.002,0x232,4,00,00,0D,04,,,,
2025-12-03 13:48:56.002,0x227,3,01,0A,09,,,,,
2025-12-03 13:48:56.003,0xA0,3,00,0E,09,,,,,
2025-12-03 13:48:56.004,0x109,3,02,0D,0F,,,,,
2025-12-03 13:48:56.013,0x42,6,02,00,02,00,03,0B,,
2025-12-03 13:48:56.014,0x15,7,00,01,0A,00,00,0C,0B,
2025-12-03 13:48:56.023,0xB4,8,1A,6F,1A,6F,1A,6F,1A,6F
2025-12-03 13:48:56.023,0x109,3,02,0E,0E,,,,,
2025-12-03 13:48:56.024,0x15,7,00,01,0A,00,00,0D,0A,
2025-12-03 13:48:56.033,0xB4,8,1A,6F,1A,6F,1A,6F,1A,6F
2025-12-03 13:48:56.034,0x242,3,00,0A,06,,,,,
2025-12-03 13:48:56.035,0x15,7,00,01,0A,00,00,0E,09,
2025-12-03 13:48:56.044,0x42,6,02,00,02,00,0D,01,,
2025-12-03 13:48:56.045,0xB4,8,1A,6F,1A,6F,1A,6F,1A,6F
2025-12-03 13:48:56.046,0x227,3,01,0A,09,,,,,
2025-12-03 13:48:56.054,0xA0,3,00,00,08,,,,,
2025-12-03 13:48:56.055,0x109,3,02,00,0C,,,,,
2025-12-03 13:48:56.056,0x242,3,00,0C,04,,,,,
2025-12-03 13:48:56.065,0x15,7,00,01,0A,00,00,00,07,
2025-12-03 13:48:56.066,0x42,6,02,00,01,FE,0F,03,,
2025-12-03 13:48:56.066,0x25D,3,00,08,0C,,,,,
2025-12-03 13:48:56.075,0x227,3,01,0A,09,,,,,
2025-12-03 13:48:56.076,0xA0,3,00,01,05,,,,,
2025-12-03 13:48:56.077,0xB4,8,1A,6F,1A,6F,1A,6F,1A,6F
2025-12-03 13:48:56.086,0x242,3,00,0D,03,,,,,
2025-12-03 13:48:56.086,0x15,7,00,01,0A,00,00,02,05,
2025-12-03 13:48:56.087,0x109,3,02,02,0A,,,,,
2025-12-03 13:48:56.097,0xB4,8,1A,6F,1A,6F,1A,6F,1A,6F
2025-12-03 13:48:56.098,0x232,4,00,00,01,00,,,,
2025-12-03 13:48:56.098,0xA0,3,00,02,07,,,,,
2025-12-03 13:48:56.107,0x109,3,02,03,09,,,,,
2025-12-03 13:48:56.108,0x25D,3,00,09,0B,,,,,
2025-12-03 13:48:56.109,0x242,3,00,0E,02,,,,,
2025-12-03 13:48:56.117,0x42,6,01,FF,01,FF,03,01,,
2025-12-03 13:48:56.118,0xB4,8,1A,6F,1A,6F,1A,6F,1A,6F
2025-12-03 13:48:56.119,0x232,4,00,00,02,0F,,,,
2025-12-03 13:48:56.128,0xA0,3,00,03,04,,,,,
2025-12-03 13:48:56.129,0xB4,8,1A,6F,1A,6F,1A,6F,1A,6F
2025-12-03 13:48:56.130,0x242,3,00,0F,01,,,,,
2025-12-03 13:48:56.139,0x15,7,00,01,0A,00,00,06,01,
2025-12-03 13:48:56.140,0xB4,8,1A,6F,1A,6F,1A,6F,1A,6F
2025-12-03 13:48:56.140,0x232,4,00,00,03,0E,,,,
2025-12-03 13:48:56.149,0x227,3,01,0A,09,,,,,
2025-12-03 13:48:56.149,0x25D,3,00,0A,0A,,,,,
2025-12-03 13:48:56.150,0xB4,8,1A,6F,1A,6F,1A,6F,1A,6F
2025-12-03 13:48:56.159,0x109,3,02,06,06,,,,,
2025-12-03 13:48:56.160,0x42,6,01,FF,01,FE,07,0E,,
2025-12-03 13:48:56.161,0xB4,8,1A,6F,1A,6F,1A,6F,1A,6F
2025-12-03 13:48:56.170,0x232,4,00,00,04,0D,,,,
2025-12-03 13:48:56.171,0x15,7,00,01,0A,00,00,09,0E,
2025-12-03 13:48:56.180,0xB4,8,1A,6F,1A,6F,1A,6F,1A,6F
2025-12-03 13:48:56.180,0x242,3,00,01,0F,,,,,
2025-12-03 13:48:56.181,0x15,7,00,01,0A,00,00,0A,0D,
2025-12-03 13:48:56.190,0x42,6,01,FF,01,FE,09,0C,,
2025-12-03 13:48:56.191,0x25D,3,00,0B,09,,,,,
2025-12-03 13:48:56.192,0x232,4,00,00,05,0C,,,,
2025-12-03 13:48:56.201,0x42,6,01,FF,01,FE,0A,0B,,
2025-12-03 13:48:56.202,0xB4,8,1A,6F,1A,6F,1A,6F,1A,6F
2025-12-03 13:48:56.203,0x242,3,00,02,0E,,,,,
2025-12-03 13:48:56.212,0x42,6,01,FF,01,FE,0B,0A,,
2025-12-03 13:48:56.213,0xB4,8,1A,6F,1A,6F,1A,6F,1A,6F
2025-12-03 13:48:56.214,0x232,4,00,00,06,0B,,,,
2025-12-03 13:48:56.222,0x109,3,02,0A,02,,,,,
2025-12-03 13:48:56.223,0xA0,3,00,07,02,,,,,
2025-12-03 13:48:56.224,0xB4,8,1A,6F,1A,6F,1A,6F,1A,6F
2025-12-03 13:48:56.232,0x25D,3,00,0C,08,,,,,
2025-12-03 13:48:56.233,0x15,7,00,01,0A,00,00,0E,09,
2025-12-03 13:48:56.234,0x109,3,02,0B,01,,,,,
2025-12-03 13:48:56.243,0x232,4,00,00,07,0A,,,,
2025-12-03 13:48:56.243,0x227,3,01,0A,09,,,,,
2025-12-03 13:48:56.244,0xA0,3,00,08,04,,,,,
2025-12-03 13:48:56.253,0xB4,8,1A,6F,1A,6F,1A,6F,1A,6F
2025-12-03 13:48:56.254,0x109,3,02,0C,00,,,,,
2025-12-03 13:48:56.255,0x15,7,00,01,0A,00,00,00,07,
2025-12-03 13:48:56.264,0xB4,8,1A,6F,1A,6F,1A,6F,1A,6F
2025-12-03 13:48:56.265,0x232,4,00,00,08,09,,,,
2025-12-03 13:48:56.265,0x15,7,00,01,0A,00,00,01,06,
2025-12-03 13:48:56.275,0xB4,8,1A,6F,1A,6F,1A,6F,1A,6F
2025-12-03 13:48:56.275,0x242,3,00,05,0B,,,,,
2025-12-03 13:48:56.276,0x15,7,00,01,0A,00,00,02,05,
2025-12-03 13:48:56.285,0x42,6,01,FF,01,FE,01,04,,
2025-12-03 13:48:56.286,0x109,3,02,0E,0E,,,,,
2025-12-03 13:48:56.286,0x227,3,01,0A,09,,,,,
2025-12-03 13:48:56.296,0xA0,3,00,0A,03,,,,,
2025-12-03 13:48:56.297,0xB4,8,1A,6F,1A,6F,1A,6F,1A,6F
2025-12-03 13:48:56.298,0x242,3,00,06,0A,,,,,
2025-12-03 13:48:56.306,0x109,3,02,0F,0D,,,,,
2025-12-03 13:48:56.307,0x42,6,01,FF,01,FE,03,02,,
2025-12-03 13:48:56.308,0x25D,3,00,0E,06,,,,,
2025-12-03 13:48:56.317,0x232,4,00,00,0A,07,,,,
2025-12-03 13:48:56.318,0x42,6,01,FF,01,FE,04,01,,
2025-12-03 13:48:56.319,0xB4,8,1A,6F,1A,6F,1A,6F,1A,6F
2025-12-03 13:48:56.327,0x242,3,00,07,09,,,,,
2025-12-03 13:48:56.328,0x15,7,00,01,0A,00,00,06,01,
2025-12-03 13:48:56.329,0xB4,8,1A,6F,1A,6F,1A,6F,1A,6F
2025-12-03 13:48:56.338,0x109,3,02,01,0B,,,,,
2025-12-03 13:48:56.339,0x227,3,01,0A,09,,,,,
2025-12-03 13:48:56.339,0xA0,3,00,0C,02,,,,,
2025-12-03 13:48:56.348,0x242,3,00,08,08,,,,,
2025-12-03 13:48:56.348,0x25D,3,00,0F,05,,,,,
2025-12-03 13:48:56.349,0x109,3,00,02,0C,,,,,
2025-12-03 13:48:56.358,0x42,6,01,FF,01,FF,07,0D,,
2025-12-03 13:48:56.359,0xB4,8,1A,6F,1A,6F,1A,6F,1A,6F
2025-12-03 13:48:56.360,0x232,4,00,00,0C,05,,,,
2025-12-03 13:48:56.369,0xA0,3,00,0D,0F,,,,,
2025-12-03 13:48:56.369,0x242,3,00,09,07,,,,,
2025-12-03 13:48:56.370,0x109,3,02,0F,0D,,,,,
2025-12-03 13:48:56.379,0x15,7,00,01,0A,00,00,0A,0D,
2025-12-03 13:48:56.380,0xB4,8,1A,6F,1A,6F,1A,6F,1A,6F
2025-12-03 13:48:56.380,0x109,3,00,04,0A,,,,,
2025-12-03 13:48:56.389,0x227,3,01,0A,09,,,,,
2025-12-03 13:48:56.390,0xA0,3,00,0E,01,,,,,
2025-12-03 13:48:56.391,0x242,3,00,0A,06,,,,,
2025-12-03 13:48:56.391,0x42,6,01,FF,01,FF,09,0B,,
2025-12-03 13:48:56.400,0x109,3,00,05,09,,,,,
2025-12-03 13:48:56.401,0x42,6,01,FF,01,FF,0B,09,,
2025-12-03 13:48:56.410,0xB4,8,1A,6F,1A,6F,1A,6F,1A,6F
2025-12-03 13:48:56.411,0x232,4,00,00,0E,03,,,,
2025-12-03 13:48:56.412,0xA0,3,00,0F,0E,,,,,
2025-12-03 13:48:56.412,0x242,3,00,0B,05,,,,,
2025-12-03 13:48:56.421,0x15,7,00,01,0A,00,00,0C,0B,
2025-12-03 13:48:56.422,0x15,7,00,01,0A,00,00,0E,09,
2025-12-03 13:48:56.431,0xB4,8,1A,6F,1A,6F,1A,6F,1A,6F
2025-12-03 13:48:56.432,0x25D,3,00,01,03,,,,,
2025-12-03 13:48:56.433,0x227,3,01,0A,09,,,,,
2025-12-03 13:48:56.433,0xA0,3,00,00,00,,,,,
2025-12-03 13:48:56.442,0xB4,8,1A,6F,1A,6F,1A,6F,1A,6F
2025-12-03 13:48:56.443,0x42,6,01,FF,01,FE,0D,08,,
2025-12-03 13:48:56.444,0x109,3,00,08,06,,,,,
2025-12-03 13:48:56.454,0xB4,8,1A,6F,1A,6F,1A,6F,1A,6F
2025-12-03 13:48:56.454,0x232,4,00,00,00,01,,,,
2025-12-03 13:48:56.463,0x227,3,01,0A,09,,,,,
2025-12-03 13:48:56.464,0x242,3,00,0D,03,,,,,
2025-12-03 13:48:56.465,0x109,3,00,09,05,,,,,
2025-12-03 13:48:56.465,0x25D,3,00,02,02,,,,,
2025-12-03 13:48:56.474,0x15,7,00,01,0A,00,00,02,05,
2025-12-03 13:48:56.475,0x42,6,01,FF,01,FE,01,04,,
2025-12-03 13:48:56.484,0xB4,8,1A,6F,1A,6F,1A,6F,1A,6F
2025-12-03 13:48:56.484,0x232,4,00,00,01,00,,,,
2025-12-03 13:48:56.485,0x242,3,00,0E,02,,,,,
2025-12-03 13:48:56.494,0xB4,8,1A,6F,1A,6F,1A,6F,1A,6F
2025-12-03 13:48:56.495,0x42,6,01,FF,01,FE,03,02,,
2025-12-03 13:48:56.496,0x109,3,00,0B,03,,,,,
2025-12-03 13:48:56.505,0xB4,8,1A,6F,1A,6F,1A,6F,1A,6F
2025-12-03 13:48:56.506,0x232,4,00,00,02,0F,,,,
2025-12-03 13:48:56.506,0x25D,3,00,03,01,,,,,
2025-12-03 13:48:56.515,0xB4,8,1A,6F,1A,6F,1A,6F,1A,6F
2025-12-03 13:48:56.516,0x109,3,00,0C,02,,,,,
2025-12-03 13:48:56.517,0x42,6,01,FF,01,FD,05,01,,
2025-12-03 13:48:56.526,0x15,7,00,01,0A,00,00,06,01,
2025-12-03 13:48:56.527,0xB4,8,1A,6F,1A,6F,1A,6F,1A,6F
2025-12-03 13:48:56.527,0x109,3,00,0D,01,,,,,
2025-12-03 13:48:56.536,0xA0,3,00,04,0E,,,,,
2025-12-03 13:48:56.537,0xB4,8,1A,6F,1A,6F,1A,6F,1A,6F
2025-12-03 13:48:56.538,0x42,6,01,FF,01,FE,0F,06,,
2025-12-03 13:48:56.547,0x15,7,00,01,0A,00,00,08,0F,
2025-12-03 13:48:56.548,0x25D,3,00,04,00,,,,,
2025-12-03 13:48:56.548,0x232,4,00,00,04,0D,,,,
2025-12-03 13:48:56.558,0x227,3,01,0A,09,,,,,
2025-12-03 13:48:56.559,0xA0,3,00,05,0B,,,,,
2025-12-03 13:48:56.560,0xB4,8,1A,6F,1A,6F,1A,6F,1A,6F
2025-12-03 13:48:56.568,0x109,3,00,0F,0F,,,,,
2025-12-03 13:48:56.569,0x15,7,00,01,0A,00,00,0A,0D,
2025-12-03 13:48:56.570,0xB4,8,1A,6F,1A,6F,1A,6F,1A,6F
2025-12-03 13:48:56.579,0x232,4,00,00,05,0C,,,,
2025-12-03 13:48:56.580,0x242,3,00,02,0E,,,,,
2025-12-03 13:48:56.581,0xB4,8,1A,6F,1A,6F,1A,6F,1A,6F
2025-12-03 13:48:56.590,0x25D,3,00,05,0F,,,,,
2025-12-03 13:48:56.590,0x15,7,00,01,0A,00,00,0C,0B,
2025-12-03 13:48:56.600,0x42,6,01,FF,01,FF,0B,09,,
2025-12-03 13:48:56.601,0xB4,8,1A,6F,1A,6F,1A,6F,1A,6F
2025-12-03 13:48:56.601,0x232,4,00,00,06,0B,,,,
2025-12-03 13:48:56.610,0xA0,3,00,07,0A,,,,,
2025-12-03 13:48:56.611,0xB4,8,1A,6F,1A,6F,1A,6F,1A,6F
2025-12-03 13:48:56.612,0x109,3,00,02,0C,,,,,
2025-12-03 13:48:56.621,0x15,7,00,01,0A,00,00,0E,09,
2025-12-03 13:48:56.622,0xB4,8,1A,6F,1A,6F,1A,6F,1A,6F
2025-12-03 13:48:56.622,0x232,4,00,00,07,0A,,,,
2025-12-03 13:48:56.631,0x25D,3,00,06,0E,,,,,
2025-12-03 13:48:56.632,0xA0,3,00,08,0C,,,,,
2025-12-03 13:48:56.633,0xB4,8,1A,6F,1A,6F,1A,6F,1A,6F
2025-12-03 13:48:56.641,0x15,7,00,01,0A,00,00,00,07,
2025-12-03 13:48:56.642,0x42,6,01,FF,01,FF,0F,05,,
2025-12-03 13:48:56.643,0x109,3,00,04,0A,,,,,
2025-12-03 13:48:56.652,0x232,4,00,00,08,09,,,,
2025-12-03 13:48:56.653,0x242,3,00,05,0B,,,,,
2025-12-03 13:48:56.654,0xB4,8,1A,6F,1A,6F,1A,6F,1A,6F
2025-12-03 13:48:56.663,0x109,3,00,05,09,,,,,
2025-12-03 13:48:56.664,0x15,7,00,01,0A,00,00,02,05,
2025-12-03 13:48:56.664,0x42,6,01,FF,01,FF,01,03,,
2025-12-03 13:48:56.673,0x25D,3,00,07,0D,,,,,
2025-12-03 13:48:56.674,0x242,3,00,06,0A,,,,,
2025-12-03 13:48:56.674,0x15,7,00,01,0A,00,00,03,04,
2025-12-03 13:48:56.684,0xB4,8,1A,6F,1A,6F,1A,6F,1A,6F
2025-12-03 13:48:56.685,0x42,6,01,FF,01,FE,07,0E,,
2025-12-03 13:48:56.694,0x15,7,00,01,0A,00,00,04,03,
2025-12-03 13:48:56.695,0xB4,8,1A,6F,1A,6F,1A,6F,1A,6F
2025-12-03 13:48:56.696,0x109,3,00,07,07,,,,,
2025-12-03 13:48:56.704,0x227,3,01,0A,09,,,,,
2025-12-03 13:48:56.705,0xA0,3,00,0B,08,,,,,
2025-12-03 13:48:56.706,0xB4,8,1A,6F,1A,6F,1A,6F,1A,6F
2025-12-03 13:48:56.707,0x25D,3,00,08,0C,,,,,
2025-12-03 13:48:56.715,0x42,6,01,FF,01,FF,05,0F,,
2025-12-03 13:48:56.716,0xB4,8,1A,6F,1A,6F,1A,6F,1A,6F
2025-12-03 13:48:56.725,0x242,3,00,08,08,,,,,
2025-12-03 13:48:56.726,0x227,3,01,0A,09,,,,,
2025-12-03 13:48:56.726,0xA0,3,00,0C,0A,,,,,
2025-12-03 13:48:56.735,0xB4,8,1A,6F,1A,6F,1A,6F,1A,6F
2025-12-03 13:48:56.736,0x42,6,01,FF,01,FF,07,0D,,
2025-12-03 13:48:56.737,0x15,7,00,01,0A,00,00,08,0F,
2025-12-03 13:48:56.746,0xB4,8,1A,6F,1A,6F,1A,6F,1A,6F
2025-12-03 13:48:56.747,0x242,3,00,09,07,,,,,
2025-12-03 13:48:56.748,0x15,7,00,01,0A,00,00,09,0E,
2025-12-03 13:48:56.757,0xB4,8,1A,6F,1A,6F,1A,6F,1A,6F
2025-12-03 13:48:56.758,0x109,3,00,0B,03,,,,,
2025-12-03 13:48:56.758,0x15,7,00,01,0A,00,00,0A,0D,
2025-12-03 13:48:56.767,0xB4,8,1A,6F,1A,6F,1A,6F,1A,6F
2025-12-03 13:48:56.768,0x242,3,00,0A,06,,,,,
2025-12-03 13:48:56.769,0x227,3,01,0A,09,,,,,
2025-12-03 13:48:56.778,0x109,3,00,0C,02,,,,,
2025-12-03 13:48:56.779,0xB4,8,1A,6F,1A,6F,1A,6F,1A,6F
2025-12-03 13:48:56.779,0x42,6,01,FF,01,FF,0B,09,,
2025-12-03 13:48:56.788,0x15,7,00,01,0A,00,00,0C,0B,
2025-12-03 13:48:56.789,0xB4,8,1A,6F,1A,6F,1A,6F,1A,6F
2025-12-03 13:48:56.799,0x242,3,00,0B,05,,,,,
2025-12-03 13:48:56.800,0xA0,3,00,0F,06,,,,,
2025-12-03 13:48:56.800,0xB4,8,1A,6F,1A,6F,1A,6F,1A,6F
2025-12-03 13:48:56.809,0x109,3,00,0E,00,,,,,
2025-12-03 13:48:56.810,0x42,6,01,FF,01,FF,0D,07,,
2025-12-03 13:48:56.811,0x15,7,00,01,0A,00,00,0E,09,
2025-12-03 13:48:56.819,0x242,3,00,0C,04,,,,,
2025-12-03 13:48:56.820,0x227,3,01,0A,09,,,,,
2025-12-03 13:48:56.821,0xA0,3,00,00,08,,,,,
2025-12-03 13:48:56.821,0x109,3,00,0F,0F,,,,,
2025-12-03 13:48:56.830,0x25D,3,00,0B,09,,,,,
2025-12-03 13:48:56.831,0x42,6,01,FF,01,FE,0F,06,,
2025-12-03 13:48:56.832,0x15,7,00,01,0A,00,00,00,07,
2025-12-03 13:48:56.841,0xB4,8,1A,6F,1A,6F,1A,6F,1A,6F
2025-12-03 13:48:56.842,0x232,4,00,00,00,01,,,,
2025-12-03 13:48:56.851,0xA0,3,00,01,05,,,,,
2025-12-03 13:48:56.852,0xB4,8,1A,6F,1A,6F,1A,6F,1A,6F
2025-12-03 13:48:56.853,0x42,6,01,FF,01,FF,03,01,,
2025-12-03 13:48:56.862,0x15,7,00,01,0A,00,00,02,05,
2025-12-03 13:48:56.863,0xB4,8,1A,6F,1A,6F,1A,6F,1A,6F
2025-12-03 13:48:56.864,0x242,3,00,0E,02,,,,,
2025-12-03 13:48:56.873,0x15,7,00,01,0A,00,00,03,04,
2025-12-03 13:48:56.874,0xB4,8,1A,6F,1A,6F,1A,6F,1A,6F
2025-12-03 13:48:56.874,0x109,3,00,02,0C,,,,,
2025-12-03 13:48:56.883,0x15,7,00,01,09,00,00,04,04,
2025-12-03 13:48:56.884,0x42,6,01,FF,01,FE,03,02,,
2025-12-03 13:48:56.885,0x242,3,00,0F,01,,,,,
2025-12-03 13:48:56.893,0x227,3,01,0A,09,,,,,
2025-12-03 13:48:56.894,0xA0,3,00,03,04,,,,,
2025-12-03 13:48:56.895,0xB4,8,1A,6F,1A,6F,1A,6F,1A,6F
2025-12-03 13:48:56.904,0x109,3,00,01,0D,,,,,
2025-12-03 13:48:56.904,0x15,7,00,01,0A,00,00,06,01,
2025-12-03 13:48:56.905,0x25D,3,00,0D,07,,,,,
2025-12-03 13:48:56.914,0x242,3,00,00,00,,,,,
2025-12-03 13:48:56.915,0x232,4,00,00,03,0E,,,,
2025-12-03 13:48:56.915,0x42,6,01,FF,01,FE,06,0F,,
2025-12-03 13:48:56.925,0xB4,8,1A,6F,1A,6F,1A,6F,1A,6F
2025-12-03 13:48:56.926,0x109,3,00,05,09,,,,,
2025-12-03 13:48:56.927,0x15,7,00,01,0A,00,00,08,0F,
2025-12-03 13:48:56.935,0xB4,8,1A,6F,1A,6F,1A,6F,1A,6F
2025-12-03 13:48:56.936,0x242,3,00,01,0F,,,,,
2025-12-03 13:48:56.937,0x227,3,01,0A,09,,,,,
2025-12-03 13:48:56.945,0xA0,3,00,05,03,,,,,
2025-12-03 13:48:56.946,0xB4,8,1A,6F,1A,6F,1A,6F,1A,6F
2025-12-03 13:48:56.947,0x25D,3,00,0E,06,,,,,
2025-12-03 13:48:56.956,0x42,6,01,FF,01,FF,09,0B,,
2025-12-03 13:48:56.957,0x242,3,00,02,0E,,,,,
2025-12-03 13:48:56.957,0x232,4,00,00,05,0C,,,,
2025-12-03 13:48:56.966,0x227,3,01,0A,09,,,,,
2025-12-03 13:48:56.967,0xA0,3,00,06,05,,,,,
2025-12-03 13:48:56.968,0xB4,8,1A,6F,1A,6F,1A,6F,1A,6F
2025-12-03 13:48:56.977,0x109,3,00,08,06,,,,,
2025-12-03 13:48:56.978,0x15,7,00,01,0A,00,00,0C,0B,
2025-12-03 13:48:56.979,0xB4,8,1A,6F,1A,6F,1A,6F,1A,6F
2025-12-03 13:48:56.987,0x242,3,00,03,0D,,,,,
2025-12-03 13:48:56.988,0x109,3,00,09,05,,,,,
2025-12-03 13:48:56.989,0xA0,3,00,07,02,,,,,
2025-12-03 13:48:56.998,0xB4,8,1A,6F,1A,6F,1A,6F,1A,6F
2025-12-03 13:48:56.999,0x15,7,00,01,0A,00,00,0E,09,
2025-12-03 13:48:57.000,0x42,6,01,FF,01,FF,0D,07,,
2025-12-03 13:48:57.009,0xB4,8,1A,6F,1A,6F,1A,6F,1A,6F
2025-12-03 13:48:57.009,0x232,4,00,00,07,0A,,,,
2025-12-03 13:48:57.019,0x15,7,00,01,09,00,00,0F,09,
2025-12-03 13:48:57.019,0xB4,8,1A,6F,1A,6F,1A,6F,1A,6F
2025-12-03 13:48:57.020,0x109,3,00,0B,03,,,,,
2025-12-03 13:48:57.029,0x42,6,01,FF,01,FE,0F,06,,
2025-12-03 13:48:57.030,0x25D,3,00,00,04,,,,,
2025-12-03 13:48:57.031,0xB4,8,1A,6F,1A,6F,1A,6F,1A,6F
2025-12-03 13:48:57.040,0x232,4,00,00,08,09,,,,
2025-12-03 13:48:57.040,0xA0,3,00,09,01,,,,,
2025-12-03 13:48:57.041,0xB4,8,1A,6F,1A,6F,1A,6F,1A,6F
2025-12-03 13:48:57.050,0x42,6,01,FF,01,FF,01,03,,
2025-12-03 13:48:57.051,0x15,7,00,01,0A,00,00,02,05,
2025-12-03 13:48:57.052,0x109,3,00,0D,01,,,,,
2025-12-03 13:48:57.061,0x232,4,00,00,09,08,,,,
2025-12-03 13:48:57.061,0x227,3,01,0A,09,,,,,
2025-12-03 13:48:57.062,0xA0,3,00,0A,03,,,,,
2025-12-03 13:48:57.071,0xB4,8,1A,6F,1A,6F,1A,6F,1A,6F
2025-12-03 13:48:57.072,0x109,3,00,0E,00,,,,,
2025-12-03 13:48:57.073,0x15,7,00,01,0A,00,00,04,03,
2025-12-03 13:48:57.082,0xB4,8,1A,6F,1A,6F,1A,6F,1A,6F
2025-12-03 13:48:57.083,0x232,4,00,00,0A,07,,,,
2025-12-03 13:48:57.083,0x15,7,00,01,0A,00,00,05,02,
2025-12-03 13:48:57.092,0xB4,8,1A,6F,1A,6F,1A,6F,1A,6F
2025-12-03 13:48:57.093,0x242,3,00,08,08,,,,,
2025-12-03 13:48:57.102,0x42,6,01,FF,01,FF,05,0F,,
2025-12-03 13:48:57.103,0xB4,8,1A,6F,1A,6F,1A,6F,1A,6F
2025-12-03 13:48:57.104,0x109,3,00,00,0E,,,,,
2025-12-03 13:48:57.113,0x227,3,01,0A,09,,,,,
2025-12-03 13:48:57.113,0xA0,3,00,0C,02,,,,,
2025-12-03 13:48:57.114,0xB4,8,1A,6F,1A,6F,1A,6F,1A,6F
2025-12-03 13:48:57.124,0x109,3,00,01,0D,,,,,
2025-12-03 13:48:57.125,0x15,7,00,01,09,00,00,08,00,
2025-12-03 13:48:57.126,0xB4,8,1A,6F,1A,6F,1A,6F,1A,6F
2025-12-03 13:48:57.134,0x232,4,00,00,0C,05,,,,
2025-12-03 13:48:57.135,0x227,3,01,0A,09,,,,,
2025-12-03 13:48:57.135,0x109,3,00,02,0C,,,,,
2025-12-03 13:48:57.145,0xB4,8,1A,6F,1A,6F,1A,6F,1A,6F
2025-12-03 13:48:57.146,0x242,3,00,0A,06,,,,,
2025-12-03 13:48:57.146,0x42,6,01,FF,01,FF,09,0B,,
2025-12-03 13:48:57.155,0xB4,8,1A,6F,1A,6F,1A,6F,1A,6F
2025-12-03 13:48:57.156,0x109,3,00,03,0B,,,,,
2025-12-03 13:48:57.157,0x15,7,00,01,0A,00,00,0B,0C,
2025-12-03 13:48:57.166,0xB4,8,1A,6F,1A,6F,1A,6F,1A,6F
2025-12-03 13:48:57.166,0x109,3,00,04,0A,,,,,
2025-12-03 13:48:57.167,0x242,3,00,0B,05,,,,,
2025-12-03 13:48:57.176,0xB4,8,1A,6F,1A,6F,1A,6F,1A,6F
2025-12-03 13:48:57.177,0x232,4,00,00,0E,03,,,,
2025-12-03 13:48:57.177,0x227,3,01,0A,09,,,,,
2025-12-03 13:48:57.186,0xA0,3,00,0F,0E,,,,,
2025-12-03 13:48:57.187,0xB4,8,1A,6F,1A,6F,1A,6F,1A,6F
2025-12-03 13:48:57.188,0x25D,3,00,04,00,,,,,
2025-12-03 13:48:57.197,0x242,3,00,0C,04,,,,,
2025-12-03 13:48:57.198,0xB4,8,1A,6F,1A,6F,1A,6F,1A,6F
2025-12-03 13:48:57.198,0x109,3,00,06,08,,,,,
2025-12-03 13:48:57.207,0x227,3,01,0A,09,,,,,
2025-12-03 13:48:57.208,0xA0,3,00,00,00,,,,,
2025-12-03 13:48:57.209,0xB4,8,1A,6F,1A,6F,1A,6F,1A,6F
2025-12-03 13:48:57.218,0x242,3,00,0D,03,,,,,
2025-12-03 13:48:57.218,0x109,3,00,07,07,,,,,
2025-12-03 13:48:57.219,0x42,6,01,FF,01,FF,0F,05,,
2025-12-03 13:48:57.228,0xB4,8,1A,6F,1A,6F,1A,6F,1A,6F
2025-12-03 13:48:57.229,0x25D,3,00,05,0F,,,,,
2025-12-03 13:48:57.230,0x15,7,00,01,09,00,00,01,07,
2025-12-03 13:48:57.239,0xB4,8,1A,6F,1A,6F,1A,6F,1A,6F
2025-12-03 13:48:57.240,0x242,3,00,0E,02,,,,,
2025-12-03 13:48:57.241,0x15,7,00,01,09,00,00,02,06,
2025-12-03 13:48:57.250,0xB4,8,1A,6F,1A,6F,1A,6F,1A,6F
2025-12-03 13:48:57.251,0x109,3,00,09,05,,,,,
2025-12-03 13:48:57.252,0x227,3,01,0A,09,,,,,
2025-12-03 13:48:57.260,0xA0,3,00,02,0F,,,,,
2025-12-03 13:48:57.261,0xB4,8,1A,6F,1A,6F,1A,6F,1A,6F
2025-12-03 13:48:57.262,0x242,3,00,0F,01,,,,,
2025-12-03 13:48:57.271,0x25D,3,00,06,0E,,,,,
2025-12-03 13:48:57.272,0xB4,8,1A,6F,1A,6F,1A,6F,1A,6F
2025-12-03 13:48:57.272,0x232,4,00,00,02,0F,,,,
2025-12-03 13:48:57.281,0x227,3,01,0A,09,,,,,
2025-12-03 13:48:57.282,0xA0,3,00,03,0C,,,,,
2025-12-03 13:48:57.283,0x109,3,00,0B,03,,,,,
2025-12-03 13:48:57.292,0x242,3,00,00,00,,,,,
2025-12-03 13:48:57.292,0x42,6,01,FF,01,FF,05,0F,,
2025-12-03 13:48:57.293,0x15,7,00,01,09,00,00,06,02,
2025-12-03 13:48:57.302,0xB4,8,1A,6F,1A,6F,1A,6F,1A,6F
2025-12-03 13:48:57.303,0x227,3,01,0A,09,,,,,
2025-12-03 13:48:57.304,0xA0,3,00,04,0E,,,,,
2025-12-03 13:48:57.312,0x25D,3,00,07,0D,,,,,
2025-12-03 13:48:57.313,0x242,3,00,01,0F,,,,,
2025-12-03 13:48:57.314,0x15,7,00,01,09,00,00,08,00,
2025-12-03 13:48:57.323,0xB4,8,1A,6F,1A,6F,1A,6F,1A,6F
2025-12-03 13:48:57.324,0x232,4,00,00,04,0D,,,,
2025-12-03 13:48:57.324,0x227,3,01,0A,09,,,,,
2025-12-03 13:48:57.333,0xA0,3,00,05,0B,,,,,
2025-12-03 13:48:57.334,0x109,3,00,0E,00,,,,,
2025-12-03 13:48:57.335,0x242,3,00,02,0E,,,,,
2025-12-03 13:48:57.344,0x15,7,00,01,09,00,00,0A,0E,
2025-12-03 13:48:57.345,0x42,6,01,FF,01,FE,09,0C,,
2025-12-03 13:48:57.346,0xB4,8,1A,6F,1A,6F,1A,6F,1A,6F
2025-12-03 13:48:57.354,0x227,3,01,0A,09,,,,,
2025-12-03 13:48:57.355,0xA0,3,00,06,0D,,,,,
2025-12-03 13:48:57.355,0xB4,8,1A,6F,1A,6F,1A,6F,1A,6F
2025-12-03 13:48:57.364,0x242,3,00,03,0D,,,,,
2025-12-03 13:48:57.365,0x42,6,01,FF,01,FE,0B,0A,,
2025-12-03 13:48:57.366,0xB4,8,1A,6F,1A,6F,1A,6F,1A,6F
2025-12-03 13:48:57.375,0x232,4,00,00,06,0B,,,,
2025-12-03 13:48:57.376,0x227,3,01,0A,09,,,,,
2025-12-03 13:48:57.377,0xB4,8,1A,6F,1A,6F,1A,6F,1A,6F
2025-12-03 13:48:57.386,0x109,3,00,01,0D,,,,,
2025-12-03 13:48:57.386,0x15,7,00,01,09,00,00,0E,0A,
2025-12-03 13:48:57.387,0x25D,3,00,09,0B,,,,,
2025-12-03 13:48:57.396,0xB4,8,1A,6F,1A,6F,1A,6F,1A,6F
2025-12-03 13:48:57.397,0x232,4,00,00,07,0A,,,,
2025-12-03 13:48:57.398,0xA0,3,00,08,0C,,,,,
2025-12-03 13:48:57.407,0xB4,8,1A,6F,1A,6F,1A,6F,1A,6F
2025-12-03 13:48:57.407,0x242,3,00,05,0B,,,,,
2025-12-03 13:48:57.408,0x15,7,00,01,09,00,00,00,08,
2025-12-03 13:48:57.417,0x42,6,01,FF,01,FE,0F,06,,
2025-12-03 13:48:57.418,0x109,3,00,03,0B,,,,,
2025-12-03 13:48:57.418,0x227,3,01,0A,09,,,,,
2025-12-03 13:48:57.427,0xA0,3,00,09,09,,,,,
2025-12-03 13:48:57.428,0x242,3,00,06,0A,,,,,
2025-12-03 13:48:57.429,0x109,3,00,04,0A,,,,,
2025-12-03 13:48:57.438,0x15,7,00,01,09,00,00,02,06,
2025-12-03 13:48:57.439,0x42,6,01,FF,01,FE,01,04,,
2025-12-03 13:48:57.439,0xB4,8,1A,6F,1A,6F,1A,6F,1A,6F
2025-12-03 13:48:57.448,0x232,4,00,00,09,08,,,,
2025-12-03 13:48:57.449,0xA0,3,00,0A,0B,,,,,
2025-12-03 13:48:57.450,0x242,3,00,07,09,,,,,
2025-12-03 13:48:57.459,0x42,6,01,FF,01,FE,05,00,,
2025-12-03 13:48:57.460,0x15,7,00,01,0A,00,00,04,03,
2025-12-03 13:48:57.461,0xB4,8,1A,6F,1A,6F,1A,6F,1A,6F
2025-12-03 13:48:57.470,0x109,3,00,06,08,,,,,
2025-12-03 13:48:57.471,0x227,3,01,0A,09,,,,,
2025-12-03 13:48:57.471,0xA0,3,00,0B,08,,,,,
2025-12-03 13:48:57.480,0x242,3,00,08,08,,,,,
2025-12-03 13:48:57.481,0x109,3,00,07,07,,,,,
2025-12-03 13:48:57.482,0x15,7,00,01,09,00,00,06,02,
2025-12-03 13:48:57.490,0x42,6,01,FF,01,FE,05,00,,
2025-12-03 13:48:57.491,0xB4,8,1A,6F,1A,6F,1A,6F,1A,6F
2025-12-03 13:48:57.492,0x232,4,00,00,0B,06,,,,
2025-12-03 13:48:57.501,0xA0,3,00,0C,0A,,,,,
2025-12-03 13:48:57.502,0xB4,8,1A,6F,1A,6F,1A,6F,1A,6F
2025-12-03 13:48:57.502,0x42,6,01,FF,01,FF,07,0D,,
2025-12-03 13:48:57.511,0x15,7,00,01,09,00,00,08,00,
2025-12-03 13:48:57.512,0xB4,8,1A,6F,1A,6F,1A,6F,1A,6F
2025-12-03 13:48:57.513,0x109,3,00,09,05,,,,,
2025-12-03 13:48:57.522,0x42,6,01,FF,01,FE,08,0D,,
2025-12-03 13:48:57.523,0xB4,8,1A,6F,1A,6F,1A,6F,1A,6F
2025-12-03 13:48:57.532,0x109,3,00,0A,04,,,,,
2025-12-03 13:48:57.533,0x42,6,01,FF,01,FF,09,0B,,
2025-12-03 13:48:57.534,0x15,7,00,01,09,00,00,0A,0E,
2025-12-03 13:48:57.543,0xB4,8,1A,6F,1A,6F,1A,6F,1A,6F
2025-12-03 13:48:57.543,0x227,3,00,0B,08,,,,,
2025-12-03 13:48:57.544,0x242,3,00,0B,05,,,,,
2025-12-03 13:48:57.553,0x25D,3,00,0D,07,,,,,
2025-12-03 13:48:57.554,0x42,6,01,FF,01,FE,03,02,,
2025-12-03 13:48:57.555,0x42,6,01,FF,01,FF,0B,09,,
2025-12-03 13:48:57.564,0xB4,8,1A,6F,1A,6F,1A,6F,1A,6F
2025-12-03 13:48:57.565,0x109,3,00,0C,02,,,,,
2025-12-03 13:48:57.565,0x227,3,00,09,0C,,,,,
2025-12-03 13:48:57.574,0xA0,3,00,0F,06,,,,,
2025-12-03 13:48:57.575,0xB4,8,1A,6F,1A,6F,1A,6F,1A,6F
2025-12-03 13:48:57.576,0x109,3,00,0D,01,,,,,
2025-12-03 13:48:57.585,0x42,6,01,FF,01,FF,0D,07,,
2025-12-03 13:48:57.586,0xB4,8,1A,6F,1A,6F,1A,6F,1A,6F
2025-12-03 13:48:57.586,0x25D,3,01,0E,05,,,,,
2025-12-03 13:48:57.595,0x227,3,00,0D,04,,,,,
2025-12-03 13:48:57.596,0x109,3,00,0E,00,,,,,
2025-12-03 13:48:57.597,0xB4,8,1A,6F,1A,6F,1A,6F,1A,6F
2025-12-03 13:48:57.606,0x15,7,00,01,09,00,00,00,08,
2025-12-03 13:48:57.607,0x42,6,01,FF,01,FE,0F,06,,
2025-12-03 13:48:57.607,0xB4,8,1A,6F,1A,6F,1A,6F,1A,6F
2025-12-03 13:48:57.616,0x232,4,00,00,00,01,,,,
2025-12-03 13:48:57.617,0xA0,3,00,01,05,,,,,
2025-12-03 13:48:57.618,0xB4,8,1A,6F,1A,6F,1A,6F,1A,6F
2025-12-03 13:48:57.627,0x5EB,3,03,03,04,,,,,
2025-12-03 13:48:57.627,0x109,3,00,00,0E,,,,,
2025-12-03 13:48:57.628,0xB4,8,1A,6F,1A,6F,1A,6F,1A,6F
2025-12-03 13:48:57.637,0x232,4,00,00,01,00,,,,
2025-12-03 13:48:57.638,0x227,3,00,05,04,,,,,
2025-12-03 13:48:57.639,0xA0,3,00,02,07,,,,,
2025-12-03 13:48:57.648,0x109,3,00,01,0D,,,,,
2025-12-03 13:48:57.648,0x15,7,00,01,09,00,00,0C,0C,
2025-12-03 13:48:57.649,0x15,7,00,01,09,00,00,04,04,
2025-12-03 13:48:57.658,0xB4,8,1A,6F,1A,6F,1A,6F,1A,6F
2025-12-03 13:48:57.659,0x109,3,00,02,0C,,,,,
2025-12-03 13:48:57.660,0x242,3,00,00,00,,,,,
2025-12-03 13:48:57.669,0x42,6,01,FF,01,FE,04,01,,
2025-12-03 13:48:57.669,0x25D,3,01,00,03,,,,,
2025-12-03 13:48:57.670,0x42,6,01,FF,01,FE,03,02,,
2025-12-03 13:48:57.679,0x109,3,00,03,0B,,,,,
2025-12-03 13:48:57.680,0x42,6,01,FF,01,FE,05,00,,
2025-12-03 13:48:57.681,0xB4,8,1A,6F,1A,6F,1A,6F,1A,6F
2025-12-03 13:48:57.690,0x242,3,00,01,0F,,,,,
2025-12-03 13:48:57.690,0xA0,3,00,04,06,,,,,
2025-12-03 13:48:57.691,0x109,3,00,04,0A,,,,,
2025-12-03 13:48:57.700,0x15,7,00,01,09,00,00,06,02,
2025-12-03 13:48:57.701,0x15,7,00,01,0A,00,00,08,0F,
2025-12-03 13:48:57.702,0xB4,8,1A,6F,1A,6F,1A,6F,1A,6F
2025-12-03 13:48:57.711,0x25D,3,01,01,02,,,,,
2025-12-03 13:48:57.711,0x227,3,00,05,04,,,,,
2025-12-03 13:48:57.712,0xA0,3,00,05,03,,,,,
2025-12-03 13:48:57.721,0xB4,8,1A,6F,1A,6F,1A,6F,1A,6F
2025-12-03 13:48:57.722,0x5EC,3,03,03,03,,,,,
2025-12-03 13:48:57.722,0x109,3,00,06,08,,,,,
2025-12-03 13:48:57.732,0xB4,8,1A,6F,1A,6F,1A,6F,1A,6F
2025-12-03 13:48:57.733,0x242,3,00,03,0D,,,,,
2025-12-03 13:48:57.734,0x227,3,00,05,04,,,,,
2025-12-03 13:48:57.742,0xA0,3,00,06,05,,,,,
2025-12-03 13:48:57.743,0x109,3,00,07,07,,,,,
2025-12-03 13:48:57.744,0x42,6,01,FF,01,FE,07,0E,,
2025-12-03 13:48:57.753,0x25D,3,01,02,01,,,,,
2025-12-03 13:48:57.754,0x42,6,01,FF,01,FE,0B,0A,,
2025-12-03 13:48:57.754,0xB4,8,1A,6F,1A,6F,1A,6F,1A,6F
2025-12-03 13:48:57.763,0x109,3,00,08,06,,,,,
2025-12-03 13:48:57.764,0xA0,3,00,07,02,,,,,
2025-12-03 13:48:57.765,0xB4,8,1A,6F,1A,6F,1A,6F,1A,6F
2025-12-03 13:48:57.774,0x42,6,01,FF,01,FF,0D,07,,
2025-12-03 13:48:57.775,0x15,7,00,01,09,00,00,0E,0A,
2025-12-03 13:48:57.776,0xB4,8,1A,6F,1A,6F,1A,6F,1A,6F
2025-12-03 13:48:57.785,0x242,3,00,05,0B,,,,,
2025-12-03 13:48:57.786,0x15,7,00,01,09,00,00,0F,09,
2025-12-03 13:48:57.795,0xB4,8,1A,6F,1A,6F,1A,6F,1A,6F
2025-12-03 13:48:57.795,0x109,3,00,0A,04,,,,,
2025-12-03 13:48:57.796,0x42,6,01,FF,01,FF,0F,05,,
2025-12-03 13:48:57.805,0x15,7,00,01,09,00,00,00,08,
2025-12-03 13:48:57.806,0xB4,8,1A,6F,1A,6F,1A,6F,1A,6F
2025-12-03 13:48:57.806,0x109,3,00,0B,03,,,,,
2025-12-03 13:48:57.816,0xA0,3,00,09,01,,,,,
2025-12-03 13:48:57.817,0xB4,8,1A,6F,1A,6F,1A,6F,1A,6F
2025-12-03 13:48:57.817,0x15,7,00,01,09,00,00,02,06,
2025-12-03 13:48:57.826,0x42,6,01,FF,01,FF,01,03,,
2025-12-03 13:48:57.827,0xB4,8,1A,6F,1A,6F,1A,6F,1A,6F
2025-12-03 13:48:57.828,0x232,4,00,00,09,08,,,,
2025-12-03 13:48:57.837,0xA0,3,00,0A,03,,,,,
2025-12-03 13:48:57.838,0xB4,8,1A,6F,1A,6F,1A,6F,1A,6F
2025-12-03 13:48:57.839,0x109,3,00,0D,01,,,,,
2025-12-03 13:48:57.848,0x15,7,00,01,09,00,00,04,04,
2025-12-03 13:48:57.848,0x42,6,01,FF,01,FE,03,02,,
2025-12-03 13:48:57.849,0x242,3,00,08,08,,,,,
2025-12-03 13:48:57.858,0x227,3,00,05,04,,,,,
2025-12-03 13:48:57.859,0xA0,3,00,0B,00,,,,,
2025-12-03 13:48:57.859,0xB4,8,1A,6F,1A,6F,1A,6F,1A,6F
2025-12-03 13:48:57.868,0x25D,3,01,05,0E,,,,,
2025-12-03 13:48:57.869,0x15,7,00,01,09,00,00,06,02,
2025-12-03 13:48:57.878,0xB4,8,1A,6F,1A,6F,1A,6F,1A,6F
2025-12-03 13:48:57.879,0x242,3,00,09,07,,,,,
2025-12-03 13:48:57.880,0x227,3,00,05,04,,,,,
2025-12-03 13:48:57.880,0xA0,3,00,0C,02,,,,,
2025-12-03 13:48:57.889,0xB4,8,1A,6F,1A,6F,1A,6F,1A,6F
2025-12-03 13:48:57.890,0x109,3,00,00,0E,,,,,
2025-12-03 13:48:57.890,0x15,7,00,01,0A,00,00,08,0F,
2025-12-03 13:48:57.900,0xB4,8,1A,6F,1A,6F,1A,6F,1A,6F
2025-12-03 13:48:57.900,0x242,3,00,0A,06,,,,,
2025-12-03 13:48:57.901,0x227,3,00,05,04,,,,,
2025-12-03 13:48:57.910,0xB4,8,1A,6F,1A,6F,1A,6F,1A,6F
2025-12-03 13:48:57.911,0x5EB,3,03,04,03,,,,,
2025-12-03 13:48:57.920,0x15,7,00,01,09,00,00,0A,0E,
2025-12-03 13:48:57.921,0x42,6,01,FF,01,FE,09,0C,,
2025-12-03 13:48:57.921,0x109,3,00,02,0C,,,,,
2025-12-03 13:48:57.930,0x232,4,00,00,0D,04,,,,
2025-12-03 13:48:57.931,0x227,3,00,05,04,,,,,
2025-12-03 13:48:57.932,0xA0,3,00,0E,01,,,,,
2025-12-03 13:48:57.941,0xB4,8,1A,6F,1A,6F,1A,6F,1A,6F
2025-12-03 13:48:57.942,0x109,3,00,03,0B,,,,,
2025-12-03 13:48:57.943,0x42,6,01,FF,01,FE,0B,0A,,
2025-12-03 13:48:57.943,0x242,3,00,0C,04,,,,,
2025-12-03 13:48:57.952,0x25D,3,01,07,0C,,,,,
2025-12-03 13:48:57.952,0x227,3,00,05,04,,,,,
2025-12-03 13:48:57.953,0xA0,3,00,0F,0E,,,,,
2025-12-03 13:48:57.962,0xB4,8,1A,6F,1A,6F,1A,6F,1A,6F
2025-12-03 13:48:57.963,0x15,7,00,01,09,00,00,0E,0A,
2025-12-03 13:48:57.964,0x42,6,01,FF,01,FF,0D,07,,
2025-12-03 13:48:57.973,0x242,3,00,0D,03,,,,,
2025-12-03 13:48:57.973,0x109,3,00,05,09,,,,,
2025-12-03 13:48:57.974,0x227,3,00,05,04,,,,,
2025-12-03 13:48:57.983,0xA0,3,00,00,00,,,,,
2025-12-03 13:48:57.984,0xB4,8,1A,6F,1A,6F,1A,6F,1A,6F
2025-12-03 13:48:57.984,0x109,3,00,06,08,,,,,
2025-12-03 13:48:57.993,0x42,6,01,FF,01,FF,0F,05,,
2025-12-03 13:48:57.994,0xB4,8,1A,6F,1A,6F,1A,6F,1A,6F
2025-12-03 13:48:57.995,0x242,3,00,0E,02,,,,,
2025-12-03 13:48:58.004,0x227,3,00,05,04,,,,,
2025-12-03 13:48:58.005,0x109,3,00,07,07,,,,,
2025-12-03 13:48:58.005,0xB4,8,1A,6F,1A,6F,1A,6F,1A,6F
2025-12-03 13:48:58.015,0x15,7,00,01,09,00,00,02,06,
2025-12-03 13:48:58.015,0x42,6,01,FF,01,FE,01,04,,
2025-12-03 13:48:58.025,0xB4,8,1A,6F,1A,6F,1A,6F,1A,6F
2025-12-03 13:48:58.026,0x109,3,00,08,06,,,,,
2025-12-03 13:48:58.027,0x42,6,01,FF,01,FE,02,03,,
2025-12-03 13:48:58.035,0xB4,8,1A,6F,1A,6F,1A,6F,1A,6F
2025-12-03 13:48:58.036,0x109,3,00,09,05,,,,,
2025-12-03 13:48:58.037,0x42,6,01,FF,01,FE,03,02,,
2025-12-03 13:48:58.046,0x242,3,00,00,00,,,,,
2025-12-03 13:48:58.046,0xB4,8,1A,6F,1A,6F,1A,6F,1A,6F
2025-12-03 13:48:58.047,0x232,4,00,00,02,0F,,,,
2025-12-03 13:48:58.056,0xA0,3,00,03,0C,,,,,
2025-12-03 13:48:58.057,0x109,3,00,0A,04,,,,,
2025-12-03 13:48:58.058,0x15,7,00,01,09,00,00,0C,0C,
2025-12-03 13:48:58.067,0x42,6,01,FF,01,FF,05,0F,,
2025-12-03 13:48:58.068,0xB4,8,1A,6F,1A,6F,1A,6F,1A,6F
2025-12-03 13:48:58.068,0x25D,3,01,0A,09,,,,,
2025-12-03 13:48:58.077,0x227,3,00,05,04,,,,,
2025-12-03 13:48:58.078,0xA0,3,00,04,0E,,,,,
2025-12-03 13:48:58.079,0xB4,8,1A,6F,1A,6F,1A,6F,1A,6F
2025-12-03 13:48:58.088,0x42,6,01,FF,01,FF,07,0D,,
2025-12-03 13:48:58.088,0x242,3,00,02,0E,,,,,
2025-12-03 13:48:58.089,0xB4,8,1A,6F,1A,6F,1A,6F,1A,6F
2025-12-03 13:48:58.098,0x232,4,00,00,04,0D,,,,
2025-12-03 13:48:58.099,0x15,7,00,01,0A,00,00,09,0E,
2025-12-03 13:48:58.100,0xB4,8,1A,6F,1A,6F,1A,6F,1A,6F
2025-12-03 13:48:58.109,0x109,3,00,0D,01,,,,,
2025-12-03 13:48:58.109,0x25D,3,01,0B,08,,,,,
2025-12-03 13:48:58.110,0x42,6,01,FF,01,FF,09,0B,,
2025-12-03 13:48:58.119,0xB4,8,1A,6F,1A,6F,1A,6F,1A,6F
2025-12-03 13:48:58.120,0x232,4,00,00,05,0C,,,,
2025-12-03 13:48:58.121,0xA0,3,00,06,0D,,,,,
2025-12-03 13:48:58.130,0xB4,8,1A,6F,1A,6F,1A,6F,1A,6F
2025-12-03 13:48:58.131,0x242,3,00,04,0C,,,,,
2025-12-03 13:48:58.131,0x15,7,00,01,09,00,00,0C,0C,
2025-12-03 13:48:58.141,0xB4,8,1A,6F,1A,6F,1A,6F,1A,6F
2025-12-03 13:48:58.141,0x232,4,00,00,06,0B,,,,
2025-12-03 13:48:58.142,0x227,3,00,05,04,,,,,
2025-12-03 13:48:58.151,0xB4,8,1A,6F,1A,6F,1A,6F,1A,6F
2025-12-03 13:48:58.152,0x109,3,00,00,0E,,,,,
2025-12-03 13:48:58.152,0x242,3,00,05,0B,,,,,
2025-12-03 13:48:58.161,0x42,6,01,FF,01,FF,0D,07,,
2025-12-03 13:48:58.162,0xB4,8,1A,6F,1A,6F,1A,6F,1A,6F
2025-12-03 13:48:58.171,0x232,4,00,00,07,0A,,,,
2025-12-03 13:48:58.172,0x15,7,00,01,0A,00,00,0F,08,
2025-12-03 13:48:58.173,0xB4,8,1A,6F,1A,6F,1A,6F,1A,6F
2025-12-03 13:48:58.182,0x242,3,00,06,0A,,,,,
2025-12-03 13:48:58.183,0x15,7,00,01,09,00,00,00,08,
2025-12-03 13:48:58.184,0xB4,8,1A,6F,1A,6F,1A,6F,1A,6F
2025-12-03 13:48:58.193,0x25D,3,01,0D,06,,,,,
2025-12-03 13:48:58.193,0x227,3,00,05,04,,,,,
2025-12-03 13:48:58.194,0xA0,3,00,09,09,,,,,
2025-12-03 13:48:58.203,0xB4,8,1A,6F,1A,6F,1A,6F,1A,6F
2025-12-03 13:48:58.204,0x109,3,00,03,0B,,,,,
2025-12-03 13:48:58.205,0x42,6,01,FF,01,FF,01,03,,
2025-12-03 13:48:58.214,0xB4,8,1A,6F,1A,6F,1A,6F,1A,6F
2025-12-03 13:48:58.214,0x232,4,00,00,09,08,,,,
2025-12-03 13:48:58.215,0x109,3,00,04,0A,,,,,
2025-12-03 13:48:58.224,0xA0,3,00,0A,0B,,,,,
2025-12-03 13:48:58.225,0xB4,8,1A,6F,1A,6F,1A,6F,1A,6F
2025-12-03 13:48:58.226,0x242,3,00,08,08,,,,,
2025-12-03 13:48:58.235,0x42,6,01,FF,01,FF,03,01,,
2025-12-03 13:48:58.235,0xB4,8,1A,6F,1A,6F,1A,6F,1A,6F
2025-12-03 13:48:58.236,0x232,4,00,00,0A,07,,,,
2025-12-03 13:48:58.246,0x15,7,00,01,09,00,00,05,03,
2025-12-03 13:48:58.247,0xB4,8,1A,6F,1A,6F,1A,6F,1A,6F
2025-12-03 13:48:58.256,0x109,3,00,06,08,,,,,
2025-12-03 13:48:58.256,0x242,3,00,09,07,,,,,
2025-12-03 13:48:58.257,0x15,7,00,01,0A,00,00,06,01,
2025-12-03 13:48:58.266,0xB4,8,1A,6F,1A,6F,1A,6F,1A,6F
2025-12-03 13:48:58.267,0x232,4,00,00,0B,06,,,,
2025-12-03 13:48:58.268,0x25D,3,01,0F,04,,,,,
2025-12-03 13:48:58.277,0xB4,8,1A,6F,1A,6F,1A,6F,1A,6F
2025-12-03 13:48:58.278,0x242,3,00,0A,06,,,,,
2025-12-03 13:48:58.278,0x15,7,00,01,09,00,00,08,00,
2025-12-03 13:48:58.287,0x109,3,00,08,06,,,,,
2025-12-03 13:48:58.288,0x232,4,00,00,0C,05,,,,
2025-12-03 13:48:58.289,0x227,3,00,05,04,,,,,
2025-12-03 13:48:58.289,0xA0,3,00,0D,07,,,,,
2025-12-03 13:48:58.298,0xB4,8,1A,6F,1A,6F,1A,6F,1A,6F
2025-12-03 13:48:58.299,0x109,3,00,09,05,,,,,
2025-12-03 13:48:58.308,0x15,7,00,01,09,00,00,0A,0E,
2025-12-03 13:48:58.309,0xB4,8,1A,6F,1A,6F,1A,6F,1A,6F
2025-12-03 13:48:58.310,0x25D,3,01,00,03,,,,,
2025-12-03 13:48:58.318,0x227,3,00,05,04,,,,,
2025-12-03 13:48:58.319,0xA0,3,00,0E,09,,,,,
2025-12-03 13:48:58.320,0xB4,8,1A,6F,1A,6F,1A,6F,1A,6F
2025-12-03 13:48:58.329,0x242,3,00,0C,04,,,,,
2025-12-03 13:48:58.329,0x42,6,01,FF,01,FF,0B,09,,
2025-12-03 13:48:58.330,0xB4,8,1A,6F,1A,6F,1A,6F,1A,6F
2025-12-03 13:48:58.339,0x109,3,00,0B,03,,,,,
2025-12-03 13:48:58.340,0x227,3,00,05,04,,,,,
2025-12-03 13:48:58.341,0xB4,8,1A,6F,1A,6F,1A,6F,1A,6F
2025-12-03 13:48:58.350,0x242,3,00,0D,03,,,,,
2025-12-03 13:48:58.350,0x25D,3,01,01,02,,,,,
2025-12-03 13:48:58.351,0x42,6,01,FF,01,FE,0D,08,,
2025-12-03 13:48:58.360,0xB4,8,1A,6F,1A,6F,1A,6F,1A,6F
2025-12-03 13:48:58.361,0x232,4,00,00,0F,02,,,,
2025-12-03 13:48:58.362,0x15,7,00,01,0A,00,00,0F,08,
2025-12-03 13:48:58.371,0xB4,8,1A,6F,1A,6F,1A,6F,1A,6F
2025-12-03 13:48:58.372,0x242,3,00,0E,02,,,,,
2025-12-03 13:48:58.372,0x15,7,00,01,0A,00,00,00,07,
2025-12-03 13:48:58.382,0xB4,8,1A,6F,1A,6F,1A,6F,1A,6F
2025-12-03 13:48:58.382,0x109,3,00,0E,00,,,,,
2025-12-03 13:48:58.383,0x227,3,00,05,04,,,,,
2025-12-03 13:48:58.392,0x25D,3,01,02,01,,,,,
2025-12-03 13:48:58.393,0xB4,8,1A,6F,1A,6F,1A,6F,1A,6F
2025-12-03 13:48:58.393,0x242,3,00,0F,01,,,,,
2025-12-03 13:48:58.402,0x42,6,01,FF,01,FE,01,04,,
2025-12-03 13:48:58.403,0xB4,8,1A,6F,1A,6F,1A,6F,1A,6F
2025-12-03 13:48:58.404,0x232,4,00,00,01,00,,,,
2025-12-03 13:48:58.413,0x227,3,00,05,04,,,,,
2025-12-03 13:48:58.414,0x109,3,00,00,0E,,,,,
2025-12-03 13:48:58.414,0x242,3,00,00,00,,,,,
2025-12-03 13:48:58.423,0x15,7,00,01,09,00,00,06,02,
2025-12-03 13:48:58.424,0x15,7,00,01,0A,00,00,04,03,
2025-12-03 13:48:58.434,0xB4,8,1A,6F,1A,6F,1A,6F,1A,6F
2025-12-03 13:48:58.434,0x109,3,00,01,0D,,,,,
2025-12-03 13:48:58.435,0x42,6,01,FF,01,FF,04,00,,
2025-12-03 13:48:58.444,0xB4,8,1A,6F,1A,6F,1A,6F,1A,6F
2025-12-03 13:48:58.445,0x242,3,00,01,0F,,,,,
2025-12-03 13:48:58.448,0x109,3,00,02,0C,,,,,
2025-12-03 13:48:58.454,0xB4,8,1A,6F,1A,6F,1A,6F,1A,6F
2025-12-03 13:48:58.455,0x232,4,00,00,03,0E,,,,
2025-12-03 13:48:58.456,0x227,3,00,05,04,,,,,
2025-12-03 13:48:58.465,0x42,6,01,FF,01,FF,06,0E,,
2025-12-03 13:48:58.466,0x242,3,00,02,0E,,,,,
2025-12-03 13:48:58.466,0x25D,3,01,04,0F,,,,,
2025-12-03 13:48:58.475,0x15,7,00,01,09,00,00,08,00,
2025-12-03 13:48:58.476,0x42,6,01,FF,01,FF,07,0D,,
2025-12-03 13:48:58.477,0xB4,8,1A,6F,1A,6F,1A,6F,1A,6F
2025-12-03 13:48:58.486,0x227,3,00,05,04,,,,,
2025-12-03 13:48:58.487,0xA0,3,00,05,03,,,,,
2025-12-03 13:48:58.487,0x242,3,00,03,0D,,,,,
2025-12-03 13:48:58.497,0x42,6,01,FF,01,FF,03,01,,
2025-12-03 13:48:58.498,0x109,3,00,05,09,,,,,
2025-12-03 13:48:58.498,0x42,6,01,FF,01,FF,09,0B,,
2025-12-03 13:48:58.507,0xB4,8,1A,6F,1A,6F,1A,6F,1A,6F
2025-12-03 13:48:58.508,0x232,4,00,00,05,0C,,,,
2025-12-03 13:48:58.509,0xA0,3,00,06,05,,,,,
2025-12-03 13:48:58.510,0x109,3,00,06,08,,,,,
2025-12-03 13:48:58.518,0x15,7,00,01,0A,00,00,0A,0D,
2025-12-03 13:48:58.519,0x15,7,00,01,0A,00,00,0C,0B,
2025-12-03 13:48:58.528,0xB4,8,1A,6F,1A,6F,1A,6F,1A,6F
2025-12-03 13:48:58.529,0x109,3,00,07,07,,,,,
2025-12-03 13:48:58.529,0x227,3,00,05,04,,,,,
2025-12-03 13:48:58.530,0xA0,3,00,07,02,,,,,
2025-12-03 13:48:58.539,0xB4,8,1A,6F,1A,6F,1A,6F,1A,6F
2025-12-03 13:48:58.540,0x42,6,01,FF,01,FE,0D,08,,
2025-12-03 13:48:58.549,0x109,3,00,08,06,,,,,
2025-12-03 13:48:58.549,0x25D,3,01,06,0D,,,,,
2025-12-03 13:48:58.550,0x232,4,00,00,07,0A,,,,
2025-12-03 13:48:58.551,0x227,3,00,05,04,,,,,
2025-12-03 13:48:58.560,0xA0,3,00,08,04,,,,,
2025-12-03 13:48:58.560,0xB4,8,1A,6F,1A,6F,1A,6F,1A,6F
2025-12-03 13:48:58.561,0x109,3,00,09,05,,,,,
2025-12-03 13:48:58.570,0x15,7,00,01,0A,00,00,00,07,
2025-12-03 13:48:58.571,0xB4,8,1A,6F,1A,6F,1A,6F,1A,6F
2025-12-03 13:48:58.580,0x232,4,00,00,08,09,,,,
2025-12-03 13:48:58.581,0x227,3,00,05,04,,,,,
2025-12-03 13:48:58.582,0x242,3,00,07,09,,,,,
2025-12-03 13:48:58.591,0xB4,8,1A,6F,1A,6F,1A,6F,1A,6F
2025-12-03 13:48:58.591,0x25D,3,01,07,0C,,,,,
2025-12-03 13:48:58.592,0x42,6,01,FF,01,FF,01,03,,
2025-12-03 13:48:58.601,0xB4,8,1A,6F,1A,6F,1A,6F,1A,6F
2025-12-03 13:48:58.602,0x232,4,00,00,09,08,,,,
2025-12-03 13:48:58.603,0x15,7,00,01,0A,00,00,03,04,
2025-12-03 13:48:58.612,0xB4,8,1A,6F,1A,6F,1A,6F,1A,6F
2025-12-03 13:48:58.613,0x109,3,00,0C,02,,,,,
2025-12-03 13:48:58.614,0x15,7,00,01,0A,00,00,04,03,
2025-12-03 13:48:58.623,0xB4,8,1A,6F,1A,6F,1A,6F,1A,6F
2025-12-03 13:48:58.623,0x232,4,00,00,0A,07,,,,
2025-12-03 13:48:58.624,0x109,3,00,0D,01,,,,,
2025-12-03 13:48:58.633,0xA0,3,00,0B,00,,,,,
2025-12-03 13:48:58.634,0xB4,8,1A,6F,1A,6F,1A,6F,1A,6F
2025-12-03 13:48:58.635,0x15,7,00,01,0A,00,00,06,01,
2025-12-03 13:48:58.644,0x42,6,01,FF,01,FE,05,00,,
2025-12-03 13:48:58.644,0x109,3,00,0E,00,,,,,
2025-12-03 13:48:58.645,0x232,4,00,00,0B,06,,,,
2025-12-03 13:48:58.654,0x227,3,00,05,04,,,,,
2025-12-03 13:48:58.655,0xB4,8,1A,6F,1A,6F,1A,6F,1A,6F
2025-12-03 13:48:58.656,0x109,3,00,0F,0F,,,,,
2025-12-03 13:48:58.665,0x15,7,00,01,0A,00,00,08,0F,
2025-12-03 13:48:58.666,0x42,6,01,FF,01,FF,07,0D,,
2025-12-03 13:48:58.667,0x25D,3,01,09,0A,,,,,
2025-12-03 13:48:58.675,0x232,4,00,00,0C,05,,,,
2025-12-03 13:48:58.676,0x242,3,00,0B,05,,,,,
2025-12-03 13:48:58.677,0xB4,8,1A,6F,1A,6F,1A,6F,1A,6F
2025-12-03 13:48:58.686,0x42,6,01,FF,01,FE,0B,0A,,
2025-12-03 13:48:58.687,0x15,7,00,01,0A,00,00,0A,0D,
2025-12-03 13:48:58.696,0xB4,8,1A,6F,1A,6F,1A,6F,1A,6F
2025-12-03 13:48:58.697,0x109,3,00,01,0D,,,,,
2025-12-03 13:48:58.698,0x227,3,00,05,04,,,,,
2025-12-03 13:48:58.698,0xA0,3,00,0E,01,,,,,
2025-12-03 13:48:58.707,0xB4,8,1A,6F,1A,6F,1A,6F,1A,6F
2025-12-03 13:48:58.708,0x109,3,00,02,0C,,,,,
2025-12-03 13:48:58.709,0x25D,3,01,0A,09,,,,,
2025-12-03 13:48:58.717,0x42,6,01,FF,01,FE,0B,0A,,
2025-12-03 13:48:58.718,0xB4,8,1A,6F,1A,6F,1A,6F,1A,6F
2025-12-03 13:48:58.727,0x232,4,00,00,0E,03,,,,
2025-12-03 13:48:58.728,0xA0,3,00,0F,0E,,,,,
2025-12-03 13:48:58.728,0xB4,8,1A,6F,1A,6F,1A,6F,1A,6F
2025-12-03 13:48:58.738,0x15,7,00,01,0A,00,00,0E,09,
2025-12-03 13:48:58.738,0x42,6,01,FF,01,FF,0D,07,,
2025-12-03 13:48:58.739,0xB4,8,1A,6F,1A,6F,1A,6F,1A,6F
2025-12-03 13:48:58.748,0x109,3,00,04,0A,,,,,
2025-12-03 13:48:58.749,0x42,6,01,FF,01,FF,0E,06,,
2025-12-03 13:48:58.750,0xB4,8,1A,6F,1A,6F,1A,6F,1A,6F
2025-12-03 13:48:58.759,0x109,3,00,05,09,,,,,
2025-12-03 13:48:58.760,0x15,7,00,01,0A,00,00,00,07,
2025-12-03 13:48:58.769,0x42,6,01,FF,01,FF,0F,05,,
2025-12-03 13:48:58.770,0xB4,8,1A,6F,1A,6F,1A,6F,1A,6F
2025-12-03 13:48:58.770,0x227,3,00,05,04,,,,,
2025-12-03 13:48:58.771,0xA0,3,00,01,0D,,,,,
2025-12-03 13:48:58.780,0xB4,8,1A,6F,1A,6F,1A,6F,1A,6F
2025-12-03 13:48:58.781,0x42,6,01,FF,01,FE,01,04,,
2025-12-03 13:48:58.790,0x15,7,00,01,0A,00,00,02,05,
2025-12-03 13:48:58.791,0x25D,3,01,0C,07,,,,,
2025-12-03 13:48:58.791,0x242,3,00,00,00,,,,,
2025-12-03 13:48:58.800,0x227,3,00,05,04,,,,,
2025-12-03 13:48:58.801,0xA0,3,00,02,0F,,,,,
2025-12-03 13:48:58.802,0xB4,8,1A,6F,1A,6F,1A,6F,1A,6F
2025-12-03 13:48:58.802,0x109,3,00,08,06,,,,,
2025-12-03 13:48:58.812,0x42,6,01,FF,01,FE,03,02,,
2025-12-03 13:48:58.813,0xB4,8,1A,6F,1A,6F,1A,6F,1A,6F
2025-12-03 13:48:58.822,0x242,3,00,01,0F,,,,,
2025-12-03 13:48:58.823,0x227,3,00,05,04,,,,,
2025-12-03 13:48:58.823,0x109,3,00,09,05,,,,,
2025-12-03 13:48:58.832,0xB4,8,1A,6F,1A,6F,1A,6F,1A,6F
2025-12-03 13:48:58.833,0x25D,3,01,0D,06,,,,,
2025-12-03 13:48:58.834,0x42,6,01,FF,01,FF,05,0F,,
2025-12-03 13:48:58.843,0xB4,8,1A,6F,1A,6F,1A,6F,1A,6F
2025-12-03 13:48:58.844,0x242,3,00,02,0E,,,,,
2025-12-03 13:48:58.845,0x15,7,00,01,0A,00,00,07,00,
2025-12-03 13:48:58.853,0xB4,8,1A,6F,1A,6F,1A,6F,1A,6F
2025-12-03 13:48:58.854,0x109,3,00,0B,03,,,,,
2025-12-03 13:48:58.854,0x15,7,00,01,0A,00,00,08,0F,
2025-12-03 13:48:58.864,0x42,6,01,FF,01,FF,07,0D,,
2025-12-03 13:48:58.864,0xB4,8,1A,6F,1A,6F,1A,6F,1A,6F
2025-12-03 13:48:58.865,0x227,3,00,05,04,,,,,
2025-12-03 13:48:58.874,0xA0,3,00,05,0B,,,,,
2025-12-03 13:48:58.875,0x109,3,00,0C,02,,,,,
2025-12-03 13:48:58.875,0x42,6,01,FF,01,FE,09,0C,,
2025-12-03 13:48:58.885,0x15,7,00,01,0A,00,00,0A,0D,
2025-12-03 13:48:58.885,0xB4,8,1A,6F,1A,6F,1A,6F,1A,6F
2025-12-03 13:48:58.886,0x109,3,00,0D,01,,,,,
2025-12-03 13:48:58.895,0x227,3,00,05,04,,,,,
2025-12-03 13:48:58.896,0xB4,8,1A,6F,1A,6F,1A,6F,1A,6F
2025-12-03 13:48:58.897,0x42,6,01,FF,01,FF,09,0B,,
2025-12-03 13:48:58.906,0x109,3,00,0E,00,,,,,
2025-12-03 13:48:58.906,0x42,6,01,FF,01,FF,0B,09,,
2025-12-03 13:48:58.916,0xB4,8,1A,6F,1A,6F,1A,6F,1A,6F
2025-12-03 13:48:58.916,0x232,4,00,00,06,0B,,,,
2025-12-03 13:48:58.917,0x42,6,01,FF,01,FF,0C,08,,
2025-12-03 13:48:58.926,0xB4,8,1A,6F,1A,6F,1A,6F,1A,6F
2025-12-03 13:48:58.927,0x109,3,00,0F,0F,,,,,
2025-12-03 13:48:58.928,0x15,7,00,01,0A,00,00,0E,09,
2025-12-03 13:48:58.937,0x42,6,01,FF,01,FF,0D,07,,
2025-12-03 13:48:58.938,0x242,3,00,06,0A,,,,,
2025-12-03 13:48:58.938,0x227,3,00,05,04,,,,,
2025-12-03 13:48:58.948,0xA0,3,00,08,0C,,,,,
2025-12-03 13:48:58.949,0xB4,8,1A,6F,1A,6F,1A,6F,1A,6F
2025-12-03 13:48:58.949,0x25D,3,01,00,03,,,,,
2025-12-03 13:48:58.958,0x42,6,01,FF,01,FF,0F,05,,
2025-12-03 13:48:58.959,0x109,3,00,01,0D,,,,,
2025-12-03 13:48:58.960,0x242,3,00,07,09,,,,,
2025-12-03 13:48:58.960,0x232,4,00,00,08,09,,,,
2025-12-03 13:48:58.969,0x42,6,01,FF,01,FF,00,04,,
2025-12-03 13:48:58.970,0xB4,8,1A,6F,1A,6F,1A,6F,1A,6F
2025-12-03 13:48:58.979,0x109,3,00,02,0C,,,,,
2025-12-03 13:48:58.979,0x42,6,01,FF,01,FF,01,03,,
2025-12-03 13:48:58.980,0xB4,8,1A,6F,1A,6F,1A,6F,1A,6F
2025-12-03 13:48:58.989,0x242,3,00,08,08,,,,,
2025-12-03 13:48:58.990,0x25D,3,01,01,02,,,,,
2025-12-03 13:48:58.990,0xA0,3,00,0A,0B,,,,,
2025-12-03 13:48:59.000,0xB4,8,1A,6F,1A,6F,1A,6F,1A,6F
2025-12-03 13:48:59.000,0x15,7,00,01,0A,00,00,04,03,
2025-12-03 13:48:59.001,0x42,6,01,FF,01,FE,03,02,,
2025-12-03 13:48:59.010,0x242,3,00,09,07,,,,,
2025-12-03 13:48:59.011,0x232,4,00,00,0A,07,,,,
2025-12-03 13:48:59.011,0x227,3,00,05,04,,,,,
2025-12-03 13:48:59.020,0xA0,3,00,0B,08,,,,,
2025-12-03 13:48:59.021,0x109,3,00,05,09,,,,,
2025-12-03 13:48:59.022,0x15,7,00,01,0A,00,00,0C,0B,
2025-12-03 13:48:59.031,0x42,6,01,FF,01,FE,05,00,,
2025-12-03 13:48:59.032,0x242,3,00,0A,06,,,,,
2025-12-03 13:48:59.032,0x232,4,00,00,0B,06,,,,
2025-12-03 13:48:59.033,0x109,3,00,06,08,,,,,
2025-12-03 13:48:59.042,0xA0,3,00,0C,0A,,,,,
2025-12-03 13:48:59.043,0xB4,8,1A,6F,1A,6F,1A,6F,1A,6F
2025-12-03 13:48:59.052,0x42,6,01,FF,01,FF,07,0D,,
2025-12-03 13:48:59.053,0x15,7,00,01,0A,00,00,08,0F,
2025-12-03 13:48:59.054,0xB4,8,1A,6F,1A,6F,1A,6F,1A,6F
2025-12-03 13:48:59.062,0x232,4,00,00,0C,05,,,,
2025-12-03 13:48:59.063,0x15,7,00,01,0A,00,00,09,0E,
2025-12-03 13:48:59.064,0xB4,8,1A,6F,1A,6F,1A,6F,1A,6F
2025-12-03 13:48:59.073,0x109,3,00,08,06,,,,,
2025-12-03 13:48:59.074,0x42,6,01,FF,01,FF,09,0B,,
2025-12-03 13:48:59.075,0xB4,8,1A,6F,1A,6F,1A,6F,1A,6F
2025-12-03 13:48:59.084,0x232,4,00,00,0D,04,,,,
2025-12-03 13:48:59.084,0x227,3,00,05,04,,,,,
2025-12-03 13:48:59.085,0xA0,3,00,0E,09,,,,,
2025-12-03 13:48:59.094,0xB4,8,1A,6F,1A,6F,1A,6F,1A,6F
2025-12-03 13:48:59.095,0x15,7,00,01,0A,00,00,0C,0B,
2025-12-03 13:48:59.104,0x42,6,01,FF,01,FF,0B,09,,
2025-12-03 13:48:59.105,0x109,3,00,0A,04,,,,,
2025-12-03 13:48:59.106,0x232,4,00,00,0E,03,,,,
2025-12-03 13:48:59.106,0x25D,3,01,04,0F,,,,,
2025-12-03 13:48:59.115,0xA0,3,00,0F,06,,,,,
2025-12-03 13:48:59.116,0xB4,8,1A,6F,1A,6F,1A,6F,1A,6F
2025-12-03 13:48:59.117,0x109,3,00,0B,03,,,,,
2025-12-03 13:48:59.126,0x42,6,01,FF,01,FF,0D,07,,
2025-12-03 13:48:59.127,0xB4,8,1A,6F,1A,6F,1A,6F,1A,6F
2025-12-03 13:48:59.128,0x232,4,00,00,0F,02,,,,
2025-12-03 13:48:59.137,0x15,7,00,01,0A,00,00,0F,08,
2025-12-03 13:48:59.138,0xB4,8,1A,6F,1A,6F,1A,6F,1A,6F
2025-12-03 13:48:59.147,0x15,7,00,01,0A,00,00,06,01,
2025-12-03 13:48:59.148,0x15,7,00,01,0A,00,00,00,07,
2025-12-03 13:48:59.149,0xB4,8,1A,6F,1A,6F,1A,6F,1A,6F
2025-12-03 13:48:59.158,0x109,3,00,0D,01,,,,,
2025-12-03 13:48:59.158,0x227,3,00,05,04,,,,,
2025-12-03 13:48:59.159,0xB4,8,1A,6F,1A,6F,1A,6F,1A,6F
2025-12-03 13:48:59.168,0x109,3,00,0E,00,,,,,
2025-12-03 13:48:59.169,0x15,7,00,01,0A,00,00,02,05,
2025-12-03 13:48:59.170,0x242,3,00,00,00,,,,,
2025-12-03 13:48:59.179,0xB4,8,1A,6F,1A,6F,1A,6F,1A,6F
2025-12-03 13:48:59.179,0x232,4,00,00,01,00,,,,
2025-12-03 13:48:59.180,0x42,6,01,FF,01,FE,02,03,,
2025-12-03 13:48:59.189,0xB4,8,1A,6F,1A,6F,1A,6F,1A,6F
2025-12-03 13:48:59.190,0x25D,3,01,06,0D,,,,,
2025-12-03 13:48:59.191,0x242,3,00,01,0F,,,,,
2025-12-03 13:48:59.200,0xB4,8,1A,6F,1A,6F,1A,6F,1A,6F
2025-12-03 13:48:59.200,0x109,3,00,00,0E,,,,,
2025-12-03 13:48:59.201,0x227,3,00,05,04,,,,,
2025-12-03 13:48:59.210,0xA0,3,00,03,04,,,,,
2025-12-03 13:48:59.210,0xB4,8,1A,6F,1A,6F,1A,6F,1A,6F
2025-12-03 13:48:59.211,0x109,3,00,01,0D,,,,,
2025-12-03 13:48:59.220,0x242,3,00,02,0E,,,,,
2025-12-03 13:48:59.221,0x42,6,01,FF,01,FE,05,00,,
2025-12-03 13:48:59.230,0xB4,8,1A,6F,1A,6F,1A,6F,1A,6F
2025-12-03 13:48:59.231,0x232,4,00,00,03,0E,,,,
2025-12-03 13:48:59.231,0xA0,3,00,04,06,,,,,
2025-12-03 13:48:59.240,0xB4,8,1A,6F,1A,6F,1A,6F,1A,6F
2025-12-03 13:48:59.241,0x242,3,00,03,0D,,,,,
2025-12-03 13:48:59.242,0x15,7,00,01,0A,00,00,08,0F,
2025-12-03 13:48:59.251,0x42,6,01,FF,01,FE,07,0E,,
2025-12-03 13:48:59.252,0x109,3,00,03,0B,,,,,
2025-12-03 13:48:59.252,0x227,3,00,05,04,,,,,
2025-12-03 13:48:59.253,0xA0,3,00,05,03,,,,,
2025-12-03 13:48:59.263,0xB4,8,1A,6F,1A,6F,1A,6F,1A,6F
2025-12-03 13:48:59.263,0x242,3,00,04,0C,,,,,
2025-12-03 13:48:59.264,0x42,6,01,FF,01,FE,09,0C,,
2025-12-03 13:48:59.273,0x25D,3,01,08,0B,,,,,
2025-12-03 13:48:59.274,0xB4,8,1A,6F,1A,6F,1A,6F,1A,6F
2025-12-03 13:48:59.275,0x232,4,00,00,05,0C,,,,
2025-12-03 13:48:59.283,0xA0,3,00,06,05,,,,,
2025-12-03 13:48:59.284,0xB4,8,1A,6F,1A,6F,1A,6F,1A,6F
2025-12-03 13:48:59.285,0x242,3,00,05,0B,,,,,
2025-12-03 13:48:59.294,0x15,7,00,01,0A,00,00,0C,0B,
2025-12-03 13:48:59.294,0xB4,8,1A,6F,1A,6F,1A,6F,1A,6F
2025-12-03 13:48:59.304,0x109,3,00,06,08,,,,,
2025-12-03 13:48:59.304,0x15,7,00,01,0A,00,00,0D,0A,
2025-12-03 13:48:59.305,0xB4,8,1A,6F,1A,6F,1A,6F,1A,6F
2025-12-03 13:48:59.314,0x25D,3,01,09,0A,,,,,
2025-12-03 13:48:59.315,0x242,3,00,06,0A,,,,,
2025-12-03 13:48:59.315,0x109,3,00,07,07,,,,,
2025-12-03 13:48:59.325,0xB4,8,1A,6F,1A,6F,1A,6F,1A,6F
2025-12-03 13:48:59.325,0x232,4,00,00,07,0A,,,,
2025-12-03 13:48:59.326,0x42,6,01,FF,01,FF,0E,06,,
2025-12-03 13:48:59.335,0x109,3,00,08,06,,,,,
2025-12-03 13:48:59.336,0x242,3,00,07,09,,,,,
2025-12-03 13:48:59.336,0x15,7,00,01,0A,00,00,00,07,
2025-12-03 13:48:59.346,0x42,6,01,FF,01,FE,0F,06,,
2025-12-03 13:48:59.346,0xB4,8,1A,6F,1A,6F,1A,6F,1A,6F
2025-12-03 13:48:59.347,0x25D,3,01,0A,09,,,,,
2025-12-03 13:48:59.356,0xA0,3,00,09,01,,,,,
2025-12-03 13:48:59.357,0xB4,8,1A,6F,1A,6F,1A,6F,1A,6F
2025-12-03 13:48:59.358,0x242,3,00,08,08,,,,,
2025-12-03 13:48:59.367,0x15,7,00,01,0A,00,00,02,05,
2025-12-03 13:48:59.368,0xB4,8,1A,6F,1A,6F,1A,6F,1A,6F
2025-12-03 13:48:59.368,0x232,4,00,00,09,08,,,,
2025-12-03 13:48:59.377,0x227,3,00,05,04,,,,,
2025-12-03 13:48:59.378,0xB4,8,1A,6F,1A,6F,1A,6F,1A,6F
2025-12-03 13:48:59.379,0x109,3,00,0B,03,,,,,
2025-12-03 13:48:59.388,0x242,3,00,09,07,,,,,
2025-12-03 13:48:59.388,0x42,6,01,FF,01,FF,03,01,,
2025-12-03 13:48:59.389,0xB4,8,1A,6F,1A,6F,1A,6F,1A,6F
2025-12-03 13:48:59.399,0x232,4,00,00,0A,07,,,,
2025-12-03 13:48:59.400,0x15,7,00,01,0A,00,00,05,02,
2025-12-03 13:48:59.409,0xB4,8,1A,6F,1A,6F,1A,6F,1A,6F
2025-12-03 13:48:59.410,0x242,3,00,0A,06,,,,,
2025-12-03 13:48:59.411,0x15,7,00,01,0A,00,00,06,01,
2025-12-03 13:48:59.419,0xB4,8,1A,6F,1A,6F,1A,6F,1A,6F
2025-12-03 13:48:59.420,0x232,4,00,00,0B,06,,,,
2025-12-03 13:48:59.420,0x227,3,00,05,04,,,,,
2025-12-03 13:48:59.429,0xA0,3,00,0C,02,,,,,
2025-12-03 13:48:59.430,0x25D,3,01,0C,07,,,,,
2025-12-03 13:48:59.431,0x242,3,00,0B,05,,,,,
2025-12-03 13:48:59.440,0x15,7,00,01,0A,00,00,08,0F,
2025-12-03 13:48:59.441,0x42,6,01,FF,01,FF,07,0D,,
2025-12-03 13:48:59.442,0xB4,8,1A,6F,1A,6F,1A,6F,1A,6F
2025-12-03 13:48:59.450,0x109,3,00,0F,0F,,,,,
2025-12-03 13:48:59.451,0xA0,3,00,0D,0F,,,,,
2025-12-03 13:48:59.452,0x242,3,00,0C,04,,,,,
2025-12-03 13:48:59.452,0x242,3,00,0F,01,,,,,
2025-12-03 13:48:59.461,0x15,7,00,01,0A,00,00,0A,0D,
2025-12-03 13:48:59.462,0x109,3,00,00,0E,,,,,
2025-12-03 13:48:59.471,0xB4,8,1A,6F,1A,6F,1A,6F,1A,6F
2025-12-03 13:48:59.472,0x232,4,00,00,0D,04,,,,
2025-12-03 13:48:59.472,0xA0,3,00,0E,01,,,,,
2025-12-03 13:48:59.473,0x242,3,00,0D,03,,,,,
2025-12-03 13:48:59.482,0x109,3,00,01,0D,,,,,
2025-12-03 13:48:59.483,0x15,7,00,01,0A,00,00,0C,0B,
2025-12-03 13:48:59.484,0x42,6,01,FF,01,FF,0B,09,,
2025-12-03 13:48:59.493,0xB4,8,1A,6F,1A,6F,1A,6F,1A,6F
2025-12-03 13:48:59.493,0x232,4,00,00,0E,03,,,,
2025-12-03 13:48:59.494,0xA0,3,00,0F,0E,,,,,
2025-12-03 13:48:59.503,0x242,3,00,0E,02,,,,,
2025-12-03 13:48:59.504,0x42,6,01,FF,01,FF,09,0B,,
2025-12-03 13:48:59.505,0x15,7,00,01,0A,00,00,0E,09,
2025-12-03 13:48:59.514,0xB4,8,1A,6F,1A,6F,1A,6F,1A,6F
2025-12-03 13:48:59.514,0x109,3,00,03,0B,,,,,
2025-12-03 13:48:59.515,0x227,3,00,05,04,,,,,
2025-12-03 13:48:59.524,0xA0,3,00,00,00,,,,,
2025-12-03 13:48:59.525,0x242,3,00,0F,01,,,,,
2025-12-03 13:48:59.525,0x109,3,00,04,0A,,,,,
2025-12-03 13:48:59.534,0x42,6,01,FF,01,FF,0F,05,,
2025-12-03 13:48:59.535,0x15,7,00,01,0A,00,00,00,07,
2025-12-03 13:48:59.544,0xB4,8,1A,6F,1A,6F,1A,6F,1A,6F
2025-12-03 13:48:59.545,0x227,3,00,05,04,,,,,
2025-12-03 13:48:59.546,0xA0,3,00,01,0D,,,,,
2025-12-03 13:48:59.546,0x25D,3,01,0F,04,,,,,
2025-12-03 13:48:59.555,0x42,6,01,FF,01,FE,0D,08,,
2025-12-03 13:48:59.556,0x15,7,00,01,0A,00,00,02,05,
2025-12-03 13:48:59.566,0xB4,8,1A,6F,1A,6F,1A,6F,1A,6F
2025-12-03 13:48:59.566,0x109,3,00,06,08,,,,,
2025-12-03 13:48:59.567,0x227,3,00,05,04,,,,,
2025-12-03 13:48:59.568,0x242,3,00,01,0F,,,,,
2025-12-03 13:48:59.576,0xB4,8,1A,6F,1A,6F,1A,6F,1A,6F
2025-12-03 13:48:59.577,0x109,3,00,07,07,,,,,
2025-12-03 13:48:59.578,0x42,6,01,FF,01,FF,03,01,,
2025-12-03 13:48:59.587,0xB4,8,1A,6F,1A,6F,1A,6F,1A,6F
2025-12-03 13:48:59.588,0x25D,3,01,00,03,,,,,
2025-12-03 13:48:59.597,0x15,7,00,01,0A,00,00,05,02,
2025-12-03 13:48:59.598,0xB4,8,1A,6F,1A,6F,1A,6F,1A,6F
2025-12-03 13:48:59.599,0x42,6,01,FF,01,FF,01,03,,
2025-12-03 13:48:59.608,0x15,7,00,01,0A,00,00,06,01,
2025-12-03 13:48:59.609,0xB4,8,1A,6F,1A,6F,1A,6F,1A,6F
2025-12-03 13:48:59.609,0x109,3,00,09,05,,,,,
2025-12-03 13:48:59.618,0x227,3,00,05,04,,,,,
2025-12-03 13:48:59.619,0x242,3,00,03,0D,,,,,
2025-12-03 13:48:59.620,0xB4,8,1A,6F,1A,6F,1A,6F,1A,6F
2025-12-03 13:48:59.629,0x109,3,00,0A,04,,,,,
2025-12-03 13:48:59.629,0x42,6,01,FF,01,FF,07,0D,,
2025-12-03 13:48:59.630,0xB4,8,1A,6F,1A,6F,1A,6F,1A,6F
2025-12-03 13:48:59.639,0x232,4,00,00,04,0D,,,,
2025-12-03 13:48:59.640,0x15,7,00,01,0A,00,00,09,0E,
2025-12-03 13:48:59.650,0xB4,8,1A,6F,1A,6F,1A,6F,1A,6F
2025-12-03 13:48:59.651,0x42,6,01,FF,01,FF,05,0F,,
2025-12-03 13:48:59.652,0x15,7,00,01,0A,00,00,0A,0D,
2025-12-03 13:48:59.661,0xB4,8,1A,6F,1A,6F,1A,6F,1A,6F
2025-12-03 13:48:59.661,0x109,3,00,0C,02,,,,,
2025-12-03 13:48:59.662,0x227,3,00,05,04,,,,,
2025-12-03 13:48:59.671,0xA0,3,00,06,0D,,,,,
2025-12-03 13:48:59.672,0x25D,3,01,02,01,,,,,
2025-12-03 13:48:59.672,0x109,3,00,0D,01,,,,,
2025-12-03 13:48:59.681,0x15,7,00,01,0A,00,00,0C,0B,
2025-12-03 13:48:59.682,0x42,6,01,FF,01,FE,0B,0A,,
2025-12-03 13:48:59.682,0xB4,8,1A,6F,1A,6F,1A,6F,1A,6F
2025-12-03 13:48:59.691,0x227,3,00,05,04,,,,,
2025-12-03 13:48:59.692,0xA0,3,00,07,0A,,,,,
2025-12-03 13:48:59.693,0xB4,8,1A,6F,1A,6F,1A,6F,1A,6F
2025-12-03 13:48:59.702,0x15,7,00,01,0A,00,00,0E,09,
2025-12-03 13:48:59.703,0x42,6,01,FF,01,FE,0D,08,,
2025-12-03 13:48:59.704,0xB4,8,1A,6F,1A,6F,1A,6F,1A,6F
2025-12-03 13:48:59.713,0x25D,3,01,03,00,,,,,
2025-12-03 13:48:59.713,0x42,6,01,FF,01,FE,0E,07,,
2025-12-03 13:48:59.714,0xB4,8,1A,6F,1A,6F,1A,6F,1A,6F
2025-12-03 13:48:59.723,0x109,3,00,00,0E,,,,,
2025-12-03 13:48:59.724,0x42,6,01,FF,01,FF,0F,05,,
2025-12-03 13:48:59.733,0x15,7,00,01,0A,00,00,00,07,
2025-12-03 13:48:59.734,0xB4,8,1A,6F,1A,6F,1A,6F,1A,6F
2025-12-03 13:48:59.735,0x242,3,00,08,08,,,,,
2025-12-03 13:48:59.744,0xA0,3,00,09,09,,,,,
2025-12-03 13:48:59.744,0x109,3,00,01,0D,,,,,
2025-12-03 13:48:59.745,0x25D,3,01,04,0F,,,,,
2025-12-03 13:48:59.746,0x42,6,01,FF,01,FF,01,03,,
2025-12-03 13:48:59.755,0xB4,8,1A,6F,1A,6F,1A,6F,1A,6F
2025-12-03 13:48:59.756,0x109,3,00,02,0C,,,,,
2025-12-03 13:48:59.757,0x227,3,00,05,04,,,,,
2025-12-03 13:48:59.766,0xA0,3,00,0A,0B,,,,,
2025-12-03 13:48:59.766,0xB4,8,1A,6F,1A,6F,1A,6F,1A,6F
2025-12-03 13:48:59.767,0x42,6,01,FF,01,FF,03,01,,
2025-12-03 13:48:59.776,0x15,7,00,01,0A,00,00,04,03,
2025-12-03 13:48:59.777,0xB4,8,1A,6F,1A,6F,1A,6F,1A,6F
2025-12-03 13:48:59.786,0x232,4,00,00,0A,07,,,,
2025-12-03 13:48:59.787,0x15,7,00,01,0A,00,00,05,02,
2025-12-03 13:48:59.787,0x25D,3,01,05,0E,,,,,
2025-12-03 13:48:59.796,0x109,3,00,04,0A,,,,,
2025-12-03 13:48:59.797,0x15,7,00,01,0A,00,00,06,01,
2025-12-03 13:48:59.798,0x42,6,01,FF,01,FF,05,0F,,
2025-12-03 13:48:59.807,0xB4,8,1A,6F,1A,6F,1A,6F,1A,6F
2025-12-03 13:48:59.808,0x242,3,00,0B,05,,,,,
2025-12-03 13:48:59.808,0xA0,3,00,0C,0A,,,,,
2025-12-03 13:48:59.817,0xB4,8,1A,6F,1A,6F,1A,6F,1A,6F
2025-12-03 13:48:59.818,0x42,6,01,FF,01,FF,09,0B,,
2025-12-03 13:48:59.819,0x15,7,00,01,0A,00,00,08,0F,
2025-12-03 13:48:59.828,0xB4,8,1A,6F,1A,6F,1A,6F,1A,6F
2025-12-03 13:48:59.829,0x25D,3,01,06,0D,,,,,
2025-12-03 13:48:59.838,0x15,7,00,01,0A,00,00,09,0E,
2025-12-03 13:48:59.839,0xB4,8,1A,6F,1A,6F,1A,6F,1A,6F
2025-12-03 13:48:59.839,0x109,3,00,07,07,,,,,
2025-12-03 13:48:59.849,0x15,7,00,01,0A,00,00,0A,0D,
2025-12-03 13:48:59.849,0x42,6,01,FF,01,FF,09,0B,,
2025-12-03 13:48:59.850,0xB4,8,1A,6F,1A,6F,1A,6F,1A,6F
2025-12-03 13:48:59.860,0x109,3,00,08,06,,,,,
2025-12-03 13:48:59.861,0xA0,3,00,0E,09,,,,,
2025-12-03 13:48:59.861,0xB4,8,1A,6F,1A,6F,1A,6F,1A,6F
2025-12-03 13:48:59.870,0x25D,3,01,07,0C,,,,,
2025-12-03 13:48:59.871,0x42,6,01,FF,01,FF,0B,09,,
2025-12-03 13:48:59.872,0xB4,8,1A,6F,1A,6F,1A,6F,1A,6F
2025-12-03 13:48:59.881,0x242,3,00,0E,02,,,,,
2025-12-03 13:48:59.882,0x227,3,00,05,04,,,,,
2025-12-03 13:48:59.882,0xB4,8,1A,6F,1A,6F,1A,6F,1A,6F
2025-12-03 13:48:59.891,0x109,3,00,0A,04,,,,,
2025-12-03 13:48:59.892,0x15,7,00,01,0A,00,00,0E,09,
2025-12-03 13:48:59.892,0x38F,3,01,05,08,,,,,
2025-12-03 13:48:59.901,0xB4,8,1A,6F,1A,6F,1A,6F,1A,6F
2025-12-03 13:48:59.902,0x242,3,00,0F,01,,,,,
2025-12-03 13:48:59.903,0x42,6,01,FF,01,FE,0E,07,,
2025-12-03 13:48:59.912,0x25D,3,01,08,0B,,,,,
2025-12-03 13:48:59.913,0xB4,8,1A,6F,1A,6F,1A,6F,1A,6F
2025-12-03 13:48:59.922,0x15,7,00,01,0A,00,00,00,07,
2025-12-03 13:48:59.923,0x42,6,01,FF,01,FF,0F,05,,
2025-12-03 13:48:59.923,0x242,3,00,00,00,,,,,
2025-12-03 13:48:59.924,0x232,4,00,00,00,01,,,,
2025-12-03 13:48:59.933,0xA0,3,00,01,05,,,,,
2025-12-03 13:48:59.934,0xB4,8,1A,6F,1A,6F,1A,6F,1A,6F
2025-12-03 13:48:59.934,0x109,3,00,0D,01,,,,,
2025-12-03 13:48:59.943,0x15,7,00,01,0A,00,00,02,05,
2025-12-03 13:48:59.944,0x42,6,01,FF,01,FE,01,04,,
2025-12-03 13:48:59.945,0x242,3,00,01,0F,,,,,
2025-12-03 13:48:59.954,0x227,3,00,05,04,,,,,
2025-12-03 13:48:59.955,0xA0,3,00,02,07,,,,,
2025-12-03 13:48:59.956,0xB4,8,1A,6F,1A,6F,1A,6F,1A,6F
2025-12-03 13:48:59.965,0x42,6,01,FF,01,FF,07,0D,,
2025-12-03 13:48:59.966,0x15,7,00,01,0A,00,00,04,03,
2025-12-03 13:48:59.975,0xB4,8,1A,6F,1A,6F,1A,6F,1A,6F
2025-12-03 13:48:59.976,0x242,3,00,02,0E,,,,,
2025-12-03 13:48:59.976,0x227,3,00,05,04,,,,,
2025-12-03 13:48:59.977,0xA0,3,00,03,04,,,,,
2025-12-03 13:48:59.985,0xB4,8,1A,6F,1A,6F,1A,6F,1A,6F
2025-12-03 13:48:59.986,0x109,3,00,00,0E,,,,,
2025-12-03 13:48:59.995,0x15,7,00,01,0A,00,00,06,01,
2025-12-03 13:48:59.996,0xB4,8,1A,6F,1A,6F,1A,6F,1A,6F
2025-12-03 13:48:59.997,0x242,3,00,03,0D,,,,,
2025-12-03 13:49:00.006,0x15,7,00,01,0A,00,00,07,00,
2025-12-03 13:49:00.007,0xB4,8,1A,6F,1A,6F,1A,6F,1A,6F
2025-12-03 13:49:00.008,0x42,6,01,FF,01,FF,03,01,,
2025-12-03 13:49:00.017,0x42,6,01,FF,01,FF,07,0D,,
2025-12-03 13:49:00.018,0xB4,8,1A,6F,1A,6F,1A,6F,1A,6F
2025-12-03 13:49:00.018,0x109,3,00,02,0C,,,,,
2025-12-03 13:49:00.027,0x227,3,00,05,04,,,,,
2025-12-03 13:49:00.028,0xA0,3,00,05,03,,,,,
2025-12-03 13:49:00.028,0x25D,3,01,0B,08,,,,,
2025-12-03 13:49:00.037,0x109,3,00,03,0B,,,,,
2025-12-03 13:49:00.038,0x42,6,01,FF,01,FE,09,0C,,
2025-12-03 13:49:00.039,0x15,7,00,01,0A,00,00,0A,0D,
2025-12-03 13:49:00.048,0x242,3,00,05,0B,,,,,
2025-12-03 13:49:00.049,0x227,3,00,05,04,,,,,
2025-12-03 13:49:00.049,0xA0,3,00,06,05,,,,,
2025-12-03 13:49:00.058,0xB4,8,1A,6F,1A,6F,1A,6F,1A,6F
2025-12-03 13:49:00.059,0x15,7,00,01,0A,00,00,08,0F,
2025-12-03 13:49:00.060,0x15,7,00,01,0A,00,00,0C,0B,
2025-12-03 13:49:00.069,0x242,3,00,06,0A,,,,,
2025-12-03 13:49:00.070,0x25D,3,01,0C,07,,,,,
2025-12-03 13:49:00.071,0x227,3,00,05,04,,,,,
2025-12-03 13:49:00.080,0xA0,3,00,07,02,,,,,
2025-12-03 13:49:00.081,0xB4,8,1A,6F,1A,6F,1A,6F,1A,6F
2025-12-03 13:49:00.081,0x109,3,00,06,08,,,,,
2025-12-03 13:49:00.090,0x15,7,00,01,0A,00,00,0E,09,
2025-12-03 13:49:00.091,0xB4,8,1A,6F,1A,6F,1A,6F,1A,6F
2025-12-03 13:49:00.092,0x232,4,00,00,07,0A,,,,
2025-12-03 13:49:00.100,0x227,3,00,05,04,,,,,
2025-12-03 13:49:00.101,0xB4,8,1A,6F,1A,6F,1A,6F,1A,6F
2025-12-03 13:49:00.102,0x109,3,00,07,07,,,,,
2025-12-03 13:49:00.111,0x25D,3,01,0D,06,,,,,
2025-12-03 13:49:00.112,0x42,6,01,FF,01,FF,0F,05,,
2025-12-03 13:49:00.112,0xB4,8,1A,6F,1A,6F,1A,6F,1A,6F
2025-12-03 13:49:00.121,0x109,3,00,08,06,,,,,
2025-12-03 13:49:00.122,0x15,7,00,01,0A,00,00,01,06,
2025-12-03 13:49:00.132,0xB4,8,1A,6F,1A,6F,1A,6F,1A,6F
2025-12-03 13:49:00.132,0x109,3,00,09,05,,,,,
2025-12-03 13:49:00.133,0x15,7,00,01,0A,00,00,02,05,
2025-12-03 13:49:00.142,0xB4,8,1A,6F,1A,6F,1A,6F,1A,6F
2025-12-03 13:49:00.143,0x232,4,00,00,09,08,,,,
2025-12-03 13:49:00.143,0x227,3,00,05,04,,,,,
2025-12-03 13:49:00.152,0xA0,3,00,0A,03,,,,,
2025-12-03 13:49:00.153,0x109,3,00,0A,04,,,,,
2025-12-03 13:49:00.154,0x42,6,01,FF,01,FE,0B,0A,,
2025-12-03 13:49:00.163,0x15,7,00,01,0A,00,00,04,03,
2025-12-03 13:49:00.164,0xB4,8,1A,6F,1A,6F,1A,6F,1A,6F
2025-12-03 13:49:00.165,0x109,3,00,0B,03,,,,,
2025-12-03 13:49:00.174,0x227,3,00,05,04,,,,,
2025-12-03 13:49:00.175,0xA0,3,00,0B,00,,,,,
2025-12-03 13:49:00.176,0xB4,8,1A,6F,1A,6F,1A,6F,1A,6F
2025-12-03 13:49:00.185,0x15,7,00,01,0A,00,00,06,01,
2025-12-03 13:49:00.185,0x109,3,00,0C,02,,,,,
2025-12-03 13:49:00.186,0xB4,8,1A,6F,1A,6F,1A,6F,1A,6F
2025-12-03 13:49:00.195,0x25D,3,01,0F,04,,,,,
2025-12-03 13:49:00.195,0x227,3,00,05,04,,,,,
2025-12-03 13:49:00.196,0xA0,3,00,0C,02,,,,,
2025-12-03 13:49:00.196,0x109,3,00,0D,01,,,,,
2025-12-03 13:49:00.205,0x242,3,00,0C,04,,,,,
2025-12-03 13:49:00.206,0x15,7,00,01,0A,00,00,08,0F,
2025-12-03 13:49:00.207,0x42,6,01,FF,01,FE,07,0E,,
2025-12-03 13:49:00.216,0xB4,8,1A,6F,1A,6F,1A,6F,1A,6F
2025-12-03 13:49:00.217,0x227,3,00,05,04,,,,,
2025-12-03 13:49:00.217,0xA0,3,00,0D,0F,,,,,
2025-12-03 13:49:00.227,0xB4,8,1A,6F,1A,6F,1A,6F,1A,6F
2025-12-03 13:49:00.227,0x25D,3,01,00,03,,,,,
2025-12-03 13:49:00.228,0x109,3,00,0F,0F,,,,,
2025-12-03 13:49:00.237,0xB4,8,1A,6F,1A,6F,1A,6F,1A,6F
2025-12-03 13:49:00.238,0x232,4,00,00,0D,04,,,,
2025-12-03 13:49:00.238,0x227,3,00,05,04,,,,,
2025-12-03 13:49:00.247,0xA0,3,00,0E,01,,,,,
2025-12-03 13:49:00.248,0x109,3,00,00,0E,,,,,
2025-12-03 13:49:00.249,0x242,3,00,0E,02,,,,,
2025-12-03 13:49:00.258,0x42,6,01,FF,01,FF,0B,09,,
2025-12-03 13:49:00.258,0xB4,8,1A,6F,1A,6F,1A,6F,1A,6F
2025-12-03 13:49:00.259,0x232,4,00,00,0E,03,,,,
2025-12-03 13:49:00.269,0x227,3,00,05,04,,,,,
2025-12-03 13:49:00.269,0x25D,3,01,01,02,,,,,
2025-12-03 13:49:00.270,0xB4,8,1A,6F,1A,6F,1A,6F,1A,6F
2025-12-03 13:49:00.279,0x242,3,00,0F,01,,,,,
2025-12-03 13:49:00.280,0x15,7,00,01,0A,00,00,0E,09,
2025-12-03 13:49:00.289,0xB4,8,1A,6F,1A,6F,1A,6F,1A,6F
2025-12-03 13:49:00.290,0x232,4,00,00,0F,02,,,,
2025-12-03 13:49:00.291,0x15,7,00,01,0A,00,00,0F,08,
2025-12-03 13:49:00.299,0xB4,8,1A,6F,1A,6F,1A,6F,1A,6F
2025-12-03 13:49:00.300,0x109,3,00,03,0B,,,,,
2025-12-03 13:49:00.301,0x242,3,00,00,00,,,,,
2025-12-03 13:49:00.310,0x42,6,01,FF,01,FF,0F,05,,
2025-12-03 13:49:00.311,0xB4,8,1A,6F,1A,6F,1A,6F,1A,6F
2025-12-03 13:49:00.311,0x232,4,00,00,00,01,,,,
2025-12-03 13:49:00.320,0xA0,3,00,01,0D,,,,,
2025-12-03 13:49:00.321,0xB4,8,1A,6F,1A,6F,1A,6F,1A,6F
2025-12-03 13:49:00.322,0x242,3,00,01,0F,,,,,
2025-12-03 13:49:00.331,0x15,7,00,01,0A,00,00,02,05,
2025-12-03 13:49:00.332,0x109,3,00,05,09,,,,,
2025-12-03 13:49:00.332,0x232,4,00,00,01,00,,,,
2025-12-03 13:49:00.341,0x227,3,00,05,04,,,,,
2025-12-03 13:49:00.342,0xA0,3,00,02,0F,,,,,
2025-12-03 13:49:00.343,0xB4,8,1A,6F,1A,6F,1A,6F,1A,6F
2025-12-03 13:49:00.352,0x109,3,00,06,08,,,,,
2025-12-03 13:49:00.352,0x25D,3,01,03,00,,,,,
2025-12-03 13:49:00.353,0xB4,8,1A,6F,1A,6F,1A,6F,1A,6F
2025-12-03 13:49:00.362,0x232,4,00,00,02,0F,,,,
2025-12-03 13:49:00.363,0x227,3,00,05,04,,,,,
2025-12-03 13:49:00.363,0xA0,3,00,03,0C,,,,,
2025-12-03 13:49:00.373,0xB4,8,1A,6F,1A,6F,1A,6F,1A,6F
2025-12-03 13:49:00.373,0x242,3,00,03,0D,,,,,
2025-12-03 13:49:00.374,0x15,7,00,01,0A,00,00,06,01,
2025-12-03 13:49:00.383,0xB4,8,1A,6F,1A,6F,1A,6F,1A,6F
2025-12-03 13:49:00.384,0x109,3,00,08,06,,,,,
2025-12-03 13:49:00.385,0x227,3,00,05,04,,,,,
2025-12-03 13:49:00.385,0x25D,3,01,04,0F,,,,,
2025-12-03 13:49:00.395,0xB4,8,1A,6F,1A,6F,1A,6F,1A,6F
2025-12-03 13:49:00.395,0x242,3,00,04,0C,,,,,
2025-12-03 13:49:00.405,0x42,6,01,FF,01,FF,07,0D,,
2025-12-03 13:49:00.406,0xB4,8,1A,6F,1A,6F,1A,6F,1A,6F
2025-12-03 13:49:00.406,0x232,4,00,00,04,0D,,,,
2025-12-03 13:49:00.415,0x227,3,00,05,04,,,,,
2025-12-03 13:49:00.415,0xA0,3,00,05,0B,,,,,
2025-12-03 13:49:00.416,0xB4,8,1A,6F,1A,6F,1A,6F,1A,6F
2025-12-03 13:49:00.425,0x242,3,00,05,0B,,,,,
2025-12-03 13:49:00.426,0x42,6,01,FF,01,FF,09,0B,,
2025-12-03 13:49:00.427,0xB4,8,1A,6F,1A,6F,1A,6F,1A,6F
2025-12-03 13:49:00.436,0x25D,3,01,05,0E,,,,,
2025-12-03 13:49:00.436,0x15,7,00,01,0A,00,00,0B,0C,
2025-12-03 13:49:00.437,0xA0,3,00,06,0D,,,,,
2025-12-03 13:49:00.446,0x242,3,00,06,0A,,,,,
2025-12-03 13:49:00.447,0x109,3,00,0C,02,,,,,
2025-12-03 13:49:00.447,0x42,6,01,FF,01,FF,0B,09,,
2025-12-03 13:49:00.457,0xB4,8,1A,6F,1A,6F,1A,6F,1A,6F
2025-12-03 13:49:00.457,0x232,4,00,00,06,0B,,,,
2025-12-03 13:49:00.458,0x42,6,01,FF,01,FF,0C,08,,
2025-12-03 13:49:00.467,0xB4,8,1A,6F,1A,6F,1A,6F,1A,6F
2025-12-03 13:49:00.468,0x242,3,00,07,09,,,,,
2025-12-03 13:49:00.469,0x25D,3,01,06,0D,,,,,
2025-12-03 13:49:00.478,0x15,7,00,01,0A,00,00,0E,09,
2025-12-03 13:49:00.479,0xB4,8,1A,6F,1A,6F,1A,6F,1A,6F
2025-12-03 13:49:00.480,0x232,4,00,00,07,0A,,,,
2025-12-03 13:49:00.489,0xA0,3,00,08,0C,,,,,
2025-12-03 13:49:00.489,0x242,3,00,08,08,,,,,
2025-12-03 13:49:00.490,0x109,3,00,0F,0F,,,,,
2025-12-03 13:49:00.499,0x42,6,01,FF,01,FE,0F,06,,
2025-12-03 13:49:00.500,0x15,7,00,01,0A,00,00,00,07,
2025-12-03 13:49:00.501,0xB4,8,1A,6F,1A,6F,1A,6F,1A,6F
2025-12-03 13:49:00.509,0x232,4,00,00,08,09,,,,
2025-12-03 13:49:00.510,0x25D,3,01,07,0C,,,,,
2025-12-03 13:49:00.511,0x242,3,00,09,07,,,,,
2025-12-03 13:49:00.520,0x42,6,01,FF,01,FE,03,02,,
2025-12-03 13:49:00.520,0x42,6,01,FF,01,FE,01,04,,
2025-12-03 13:49:00.521,0xB4,8,1A,6F,1A,6F,1A,6F,1A,6F
2025-12-03 13:49:00.530,0x109,3,00,01,0D,,,,,
2025-12-03 13:49:00.531,0x227,3,00,05,04,,,,,
2025-12-03 13:49:00.531,0xA0,3,00,0A,0B,,,,,
2025-12-03 13:49:00.540,0x242,3,00,0A,06,,,,,
2025-12-03 13:49:00.541,0x15,7,00,01,0A,00,00,02,05,
2025-12-03 13:49:00.542,0x109,3,00,02,0C,,,,,
2025-12-03 13:49:00.551,0xB4,8,1A,6F,1A,6F,1A,6F,1A,6F
2025-12-03 13:49:00.552,0x25D,3,01,08,0B,,,,,
2025-12-03 13:49:00.552,0x227,3,00,05,04,,,,,
2025-12-03 13:49:00.561,0xA0,3,00,0B,08,,,,,
2025-12-03 13:49:00.562,0x242,3,00,0B,05,,,,,
2025-12-03 13:49:00.563,0x42,6,01,FF,01,FE,03,02,,
2025-12-03 13:49:00.572,0x15,7,00,01,0A,00,00,06,01,
2025-12-03 13:49:00.573,0xB4,8,1A,6F,1A,6F,1A,6F,1A,6F
2025-12-03 13:49:00.573,0x109,3,00,04,0A,,,,,
2025-12-03 13:49:00.583,0x227,3,00,05,04,,,,,
2025-12-03 13:49:00.583,0xA0,3,00,0C,0A,,,,,
2025-12-03 13:49:00.584,0x242,3,00,0C,04,,,,,
2025-12-03 13:49:00.585,0x25D,3,01,09,0A,,,,,
2025-12-03 13:49:00.594,0x15,7,00,01,0A,00,00,08,0F,
2025-12-03 13:49:00.595,0x42,6,01,FF,01,FE,07,0E,,
2025-12-03 13:49:00.604,0xB4,8,1A,6F,1A,6F,1A,6F,1A,6F
2025-12-03 13:49:00.605,0x232,4,00,00,0C,05,,,,
2025-12-03 13:49:00.605,0xA0,3,00,0D,07,,,,,
2025-12-03 13:49:00.606,0x109,3,00,06,08,,,,,
2025-12-03 13:49:00.614,0x42,6,01,FF,01,FE,05,00,,
2025-12-03 13:49:00.615,0x15,7,00,01,0A,00,00,0A,0D,
2025-12-03 13:49:00.624,0xB4,8,1A,6F,1A,6F,1A,6F,1A,6F
2025-12-03 13:49:00.625,0x109,3,00,07,07,,,,,
2025-12-03 13:49:00.626,0x227,3,00,05,04,,,,,
2025-12-03 13:49:00.635,0xA0,3,00,0E,09,,,,,
2025-12-03 13:49:00.635,0xB4,8,1A,6F,1A,6F,1A,6F,1A,6F
2025-12-03 13:49:00.635,0x15,7,00,01,0A,00,00,0C,0B,
2025-12-03 13:49:00.645,0x42,6,01,FF,01,FE,0B,0A,,
2025-12-03 13:49:00.646,0xB4,8,1A,6F,1A,6F,1A,6F,1A,6F
2025-12-03 13:49:00.647,0x232,4,00,00,0E,03,,,,
2025-12-03 13:49:00.656,0x42,6,01,FF,01,FE,0C,09,,
2025-12-03 13:49:00.657,0xB4,8,1A,6F,1A,6F,1A,6F,1A,6F
2025-12-03 13:49:00.657,0x109,3,00,09,05,,,,,
2025-12-03 13:49:00.667,0x15,7,00,01,0A,00,00,0E,09,
2025-12-03 13:49:00.667,0x42,6,01,FF,01,FE,0D,08,,
2025-12-03 13:49:00.668,0x25D,3,01,0B,08,,,,,
2025-12-03 13:49:00.677,0x227,3,00,05,04,,,,,
2025-12-03 13:49:00.678,0xA0,3,00,00,08,,,,,
2025-12-03 13:49:00.679,0xB4,8,1A,6F,1A,6F,1A,6F,1A,6F
2025-12-03 13:49:00.688,0x42,6,01,FF,01,FF,09,0B,,
2025-12-03 13:49:00.689,0x42,6,01,FF,01,FE,0F,06,,
2025-12-03 13:49:00.698,0xB4,8,1A,6F,1A,6F,1A,6F,1A,6F
2025-12-03 13:49:00.699,0x232,4,00,00,00,01,,,,
2025-12-03 13:49:00.700,0x227,3,00,05,04,,,,,
2025-12-03 13:49:00.700,0xA0,3,00,01,05,,,,,
2025-12-03 13:49:00.709,0xB4,8,1A,6F,1A,6F,1A,6F,1A,6F
2025-12-03 13:49:00.710,0x25D,3,01,0C,07,,,,,
2025-12-03 13:49:00.719,0x42,6,01,FF,01,FF,01,03,,
2025-12-03 13:49:00.720,0xB4,8,1A,6F,1A,6F,1A,6F,1A,6F
2025-12-03 13:49:00.721,0x232,4,00,00,01,00,,,,
2025-12-03 13:49:00.730,0x42,6,01,FF,01,FF,02,02,,
2025-12-03 13:49:00.731,0xB4,8,1A,6F,1A,6F,1A,6F,1A,6F
2025-12-03 13:49:00.731,0x15,7,00,01,0A,00,00,00,07,
2025-12-03 13:49:00.740,0x42,6,01,FF,01,FF,03,01,,
2025-12-03 13:49:00.741,0x109,3,00,0E,00,,,,,
2025-12-03 13:49:00.742,0x232,4,00,00,02,0F,,,,
2025-12-03 13:49:00.751,0x227,3,00,05,04,,,,,
2025-12-03 13:49:00.751,0xA0,3,00,03,04,,,,,
2025-12-03 13:49:00.752,0xB4,8,1A,6F,1A,6F,1A,6F,1A,6F
2025-12-03 13:49:00.761,0x109,3,00,0F,0F,,,,,
2025-12-03 13:49:00.762,0x42,6,01,FF,01,FF,05,0F,,
2025-12-03 13:49:00.763,0x15,7,00,01,0A,00,00,06,01,
2025-12-03 13:49:00.771,0xB4,8,1A,6F,1A,6F,1A,6F,1A,6F
2025-12-03 13:49:00.772,0x242,3,00,04,0C,,,,,
2025-12-03 13:49:00.773,0xB4,8,1A,6F,1A,6F,1A,6F,1A,6F
2025-12-03 13:49:00.782,0x15,7,00,01,0A,00,00,04,03,
2025-12-03 13:49:00.783,0x42,6,01,FF,01,FF,07,0D,,
2025-12-03 13:49:00.792,0xB4,8,1A,6F,1A,6F,1A,6F,1A,6F
2025-12-03 13:49:00.793,0x109,3,00,01,0D,,,,,
2025-12-03 13:49:00.794,0x242,3,00,05,0B,,,,,
2025-12-03 13:49:00.803,0xA0,3,00,05,03,,,,,
2025-12-03 13:49:00.804,0xB4,8,1A,6F,1A,6F,1A,6F,1A,6F
2025-12-03 13:49:00.804,0x109,3,00,02,0C,,,,,
2025-12-03 13:49:00.813,0x15,7,00,01,0A,00,00,0A,0D,
2025-12-03 13:49:00.814,0xB4,8,1A,6F,1A,6F,1A,6F,1A,6F
2025-12-03 13:49:00.815,0x232,4,00,00,05,0C,,,,
2025-12-03 13:49:00.823,0x242,3,00,06,0A,,,,,
2025-12-03 13:49:00.824,0x109,3,00,03,0B,,,,,
2025-12-03 13:49:00.825,0xB4,8,1A,6F,1A,6F,1A,6F,1A,6F
2025-12-03 13:49:00.834,0x25D,3,01,0F,04,,,,,
2025-12-03 13:49:00.835,0x42,6,01,FF,01,FF,0B,09,,
2025-12-03 13:49:00.836,0xB4,8,1A,6F,1A,6F,1A,6F,1A,6F
2025-12-03 13:49:00.844,0x109,3,00,04,0A,,,,,
2025-12-03 13:49:00.845,0x227,3,00,05,04,,,,,
2025-12-03 13:49:00.846,0xB4,8,1A,6F,1A,6F,1A,6F,1A,6F
2025-12-03 13:49:00.855,0x109,3,00,05,09,,,,,
2025-12-03 13:49:00.856,0x15,7,00,01,0A,00,00,0E,09,
2025-12-03 13:49:00.857,0x42,6,01,FF,01,FF,0D,07,,
2025-12-03 13:49:00.866,0xB4,8,1A,6F,1A,6F,1A,6F,1A,6F
2025-12-03 13:49:00.867,0x232,4,00,00,07,0A,,,,
2025-12-03 13:49:00.868,0xA0,3,00,08,04,,,,,
2025-12-03 13:49:00.877,0xB4,8,1A,6F,1A,6F,1A,6F,1A,6F
2025-12-03 13:49:00.878,0x15,7,00,01,0A,00,00,08,0F,
2025-12-03 13:49:00.886,0x15,7,00,01,0A,00,00,00,07,
2025-12-03 13:49:00.887,0xB4,8,1A,6F,1A,6F,1A,6F,1A,6F
2025-12-03 13:49:00.888,0x109,3,00,07,07,,,,,
2025-12-03 13:49:00.897,0x227,3,00,05,04,,,,,
2025-12-03 13:49:00.897,0xA0,3,00,09,01,,,,,
2025-12-03 13:49:00.898,0xB4,8,1A,6F,1A,6F,1A,6F,1A,6F
2025-12-03 13:49:00.907,0x109,3,00,08,06,,,,,
2025-12-03 13:49:00.908,0x42,6,01,FF,01,FF,01,03,,
2025-12-03 13:49:00.909,0x25D,3,01,01,02,,,,,
2025-12-03 13:49:00.909,0x242,3,00,0A,06,,,,,
2025-12-03 13:49:00.918,0x227,3,00,05,04,,,,,
2025-12-03 13:49:00.919,0xA0,3,00,0A,03,,,,,
2025-12-03 13:49:00.920,0xB4,8,1A,6F,1A,6F,1A,6F,1A,6F
2025-12-03 13:49:00.929,0x15,7,00,01,0A,00,00,04,03,
2025-12-03 13:49:00.930,0x42,6,01,FF,01,FF,03,01,,
2025-12-03 13:49:00.939,0xB4,8,1A,6F,1A,6F,1A,6F,1A,6F
2025-12-03 13:49:00.939,0x242,3,00,0B,05,,,,,
2025-12-03 13:49:00.940,0x42,6,01,FF,01,FF,04,00,,
2025-12-03 13:49:00.949,0xA0,3,00,0B,00,,,,,
2025-12-03 13:49:00.950,0xB4,8,1A,6F,1A,6F,1A,6F,1A,6F
2025-12-03 13:49:00.951,0x25D,3,01,02,01,,,,,
2025-12-03 13:49:00.960,0x15,7,00,01,0A,00,00,06,01,
2025-12-03 13:49:00.961,0xB4,8,1A,6F,1A,6F,1A,6F,1A,6F
2025-12-03 13:49:00.962,0x232,4,00,00,0B,06,,,,
2025-12-03 13:49:00.971,0xA0,3,00,0C,02,,,,,
2025-12-03 13:49:00.972,0x109,3,00,0C,02,,,,,
2025-12-03 13:49:00.972,0x42,6,01,FF,01,FF,0F,05,,
2025-12-03 13:49:00.981,0x15,7,00,01,0A,00,00,08,0F,
2025-12-03 13:49:00.982,0xB4,8,1A,6F,1A,6F,1A,6F,1A,6F
2025-12-03 13:49:00.983,0x242,3,00,0D,03,,,,,
2025-12-03 13:49:00.992,0x227,3,00,05,04,,,,,
2025-12-03 13:49:00.992,0xA0,3,00,0D,0F,,,,,
2025-12-03 13:49:00.993,0xB4,8,1A,6F,1A,6F,1A,6F,1A,6F
2025-12-03 13:49:01.002,0x15,7,00,01,0A,00,00,0A,0D,
2025-12-03 13:49:01.003,0x109,3,00,0E,00,,,,,
2025-12-03 13:49:01.003,0xB4,8,1A,6F,1A,6F,1A,6F,1A,6F
2025-12-03 13:49:01.012,0x242,3,00,0E,02,,,,,
2025-12-03 13:49:01.013,0x227,3,00,05,04,,,,,
2025-12-03 13:49:01.014,0xA0,3,00,0E,01,,,,,
2025-12-03 13:49:01.023,0x109,3,00,0F,0F,,,,,
2025-12-03 13:49:01.023,0x42,6,01,FF,01,FF,07,0D,,
2025-12-03 13:49:01.024,0x42,6,01,FF,01,FF,0B,09,,
2025-12-03 13:49:01.033,0x25D,3,01,04,0F,,,,,
2025-12-03 13:49:01.034,0x242,3,00,0F,01,,,,,
2025-12-03 13:49:01.034,0x227,3,00,05,04,,,,,
2025-12-03 13:49:01.035,0xA0,3,00,0F,0E,,,,,
2025-12-03 13:49:01.044,0xB4,8,1A,6F,1A,6F,1A,6F,1A,6F
2025-12-03 13:49:01.045,0x15,7,00,01,0A,00,00,0C,0B,
2025-12-03 13:49:01.054,0x42,6,01,FF,01,FF,0D,07,,
2025-12-03 13:49:01.055,0xB4,8,1A,6F,1A,6F,1A,6F,1A,6F
2025-12-03 13:49:01.056,0x242,3,00,00,00,,,,,
2025-12-03 13:49:01.065,0x42,6,01,FF,01,FE,0E,07,,
2025-12-03 13:49:01.065,0xA0,3,00,00,00,,,,,
2025-12-03 13:49:01.066,0x109,3,00,02,0C,,,,,
2025-12-03 13:49:01.075,0x25D,3,01,05,0E,,,,,
2025-12-03 13:49:01.076,0x15,7,00,01,0A,00,00,00,07,
2025-12-03 13:49:01.077,0xB4,8,1A,6F,1A,6F,1A,6F,1A,6F
2025-12-03 13:49:01.086,0x242,3,00,01,0F,,,,,
2025-12-03 13:49:01.086,0x109,3,00,03,0B,,,,,
2025-12-03 13:49:01.087,0xB4,8,1A,6F,1A,6F,1A,6F,1A,6F
2025-12-03 13:49:01.097,0x15,7,00,01,0A,00,00,0E,09,
2025-12-03 13:49:01.098,0x15,7,00,01,0A,00,00,02,05,
2025-12-03 13:49:01.098,0x109,3,00,04,0A,,,,,
2025-12-03 13:49:01.107,0x242,3,00,02,0E,,,,,
2025-12-03 13:49:01.108,0x232,4,00,00,01,00,,,,
2025-12-03 13:49:01.109,0x15,7,00,01,0A,00,00,03,04,
2025-12-03 13:49:01.117,0xB4,8,1A,6F,1A,6F,1A,6F,1A,6F
2025-12-03 13:49:01.118,0x109,3,00,05,09,,,,,
2025-12-03 13:49:01.119,0x15,7,00,01,0A,00,00,04,03,
2025-12-03 13:49:01.128,0xB4,8,1A,6F,1A,6F,1A,6F,1A,6F
2025-12-03 13:49:01.129,0x242,3,00,03,0D,,,,,
2025-12-03 13:49:01.129,0x109,3,00,06,08,,,,,
2025-12-03 13:49:01.138,0xA0,3,00,03,0C,,,,,
2025-12-03 13:49:01.139,0xB4,8,1A,6F,1A,6F,1A,6F,1A,6F
2025-12-03 13:49:01.148,0x15,7,00,01,0A,00,00,06,01,
2025-12-03 13:49:01.149,0x42,6,01,FF,01,FE,05,00,,
2025-12-03 13:49:01.150,0x25D,3,01,07,0C,,,,,
2025-12-03 13:49:01.159,0x232,4,00,00,03,0E,,,,
2025-12-03 13:49:01.159,0x227,3,00,05,04,,,,,
2025-12-03 13:49:01.160,0xB4,8,1A,6F,1A,6F,1A,6F,1A,6F
2025-12-03 13:49:01.170,0x109,3,00,08,06,,,,,
2025-12-03 13:49:01.170,0x15,7,00,01,0A,00,00,08,0F,
2025-12-03 13:49:01.171,0x42,6,01,FF,01,FF,07,0D,,
2025-12-03 13:49:01.180,0xB4,8,1A,6F,1A,6F,1A,6F,1A,6F
2025-12-03 13:49:01.181,0x232,4,00,00,04,0D,,,,
2025-12-03 13:49:01.181,0xA0,3,00,05,0B,,,,,
2025-12-03 13:49:01.190,0xB4,8,1A,6F,1A,6F,1A,6F,1A,6F
2025-12-03 13:49:01.191,0x25D,3,01,08,0B,,,,,
2025-12-03 13:49:01.192,0x15,7,00,01,0A,00,00,0A,0D,
2025-12-03 13:49:01.201,0x242,3,00,06,0A,,,,,
2025-12-03 13:49:01.201,0x109,3,00,0A,04,,,,,
2025-12-03 13:49:01.202,0x232,4,00,00,05,0C,,,,
2025-12-03 13:49:01.211,0x42,6,01,FF,01,FF,0A,0A,,
2025-12-03 13:49:01.212,0xB4,8,1A,6F,1A,6F,1A,6F,1A,6F
2025-12-03 13:49:01.213,0x109,3,00,0B,03,,,,,
2025-12-03 13:49:01.222,0x15,7,00,01,0A,00,00,0C,0B,
2025-12-03 13:49:01.223,0x242,3,00,07,09,,,,,
2025-12-03 13:49:01.223,0xB4,8,1A,6F,1A,6F,1A,6F,1A,6F
2025-12-03 13:49:01.233,0x232,4,00,00,06,0B,,,,
2025-12-03 13:49:01.234,0xA0,3,00,07,0A,,,,,
2025-12-03 13:49:01.234,0xB4,8,1A,6F,1A,6F,1A,6F,1A,6F
2025-12-03 13:49:01.243,0x242,3,00,08,08,,,,,
2025-12-03 13:49:01.244,0x42,6,01,FF,01,FF,0D,07,,
2025-12-03 13:49:01.245,0xB4,8,1A,6F,1A,6F,1A,6F,1A,6F
2025-12-03 13:49:01.254,0x109,3,00,0D,01,,,,,
2025-12-03 13:49:01.255,0x227,3,00,05,04,,,,,
2025-12-03 13:49:01.255,0xA0,3,00,08,0C,,,,,
2025-12-03 13:49:01.264,0xB4,8,1A,6F,1A,6F,1A,6F,1A,6F
2025-12-03 13:49:01.265,0x109,3,00,0E,00,,,,,
2025-12-03 13:49:01.266,0x242,3,00,09,07,,,,,
2025-12-03 13:49:01.275,0xB4,8,1A,6F,1A,6F,1A,6F,1A,6F
2025-12-03 13:49:01.276,0x232,4,00,00,08,09,,,,
2025-12-03 13:49:01.276,0x227,3,00,05,04,,,,,
2025-12-03 13:49:01.285,0x109,3,00,0F,0F,,,,,
2025-12-03 13:49:01.285,0xB4,8,1A,6F,1A,6F,1A,6F,1A,6F
2025-12-03 13:49:01.286,0x242,3,00,0A,06,,,,,
2025-12-03 13:49:01.296,0x42,6,01,FF,01,FF,01,03,,
2025-12-03 13:49:01.297,0xB4,8,1A,6F,1A,6F,1A,6F,1A,6F
2025-12-03 13:49:01.297,0x109,3,00,00,0E,,,,,
2025-12-03 13:49:01.306,0x15,7,00,01,0A,00,00,03,04,
2025-12-03 13:49:01.307,0xB4,8,1A,6F,1A,6F,1A,6F,1A,6F
2025-12-03 13:49:01.308,0x25D,3,01,0B,08,,,,,
2025-12-03 13:49:01.317,0x242,3,00,0B,05,,,,,
2025-12-03 13:49:01.318,0x42,6,01,FF,01,FE,03,02,,
2025-12-03 13:49:01.327,0xB4,8,1A,6F,1A,6F,1A,6F,1A,6F
2025-12-03 13:49:01.328,0x232,4,00,00,0A,07,,,,
2025-12-03 13:49:01.328,0xA0,3,00,0B,08,,,,,
2025-12-03 13:49:01.337,0xB4,8,1A,6F,1A,6F,1A,6F,1A,6F
2025-12-03 13:49:01.337,0x242,3,00,0C,04,,,,,
2025-12-03 13:49:01.338,0x15,7,00,01,0A,00,00,06,01,
2025-12-03 13:49:01.347,0xB4,8,1A,6F,1A,6F,1A,6F,1A,6F
2025-12-03 13:49:01.348,0x109,3,00,03,0B,,,,,
2025-12-03 13:49:01.349,0x25D,3,01,0C,07,,,,,
2025-12-03 13:49:01.349,0xA0,3,00,0C,0A,,,,,
2025-12-03 13:49:01.358,0xB4,8,1A,6F,1A,6F,1A,6F,1A,6F
2025-12-03 13:49:01.359,0x242,3,00,0D,03,,,,,
2025-12-03 13:49:01.368,0x42,6,01,FF,01,FF,07,0D,,
2025-12-03 13:49:01.369,0xB4,8,1A,6F,1A,6F,1A,6F,1A,6F
2025-12-03 13:49:01.370,0x232,4,00,00,0C,05,,,,
2025-12-03 13:49:01.379,0x227,3,00,05,04,,,,,
2025-12-03 13:49:01.380,0xB4,8,1A,6F,1A,6F,1A,6F,1A,6F
2025-12-03 13:49:01.380,0x109,3,00,05,09,,,,,
2025-12-03 13:49:01.389,0x242,3,00,0E,02,,,,,
2025-12-03 13:49:01.390,0x42,6,01,FF,01,FF,09,0B,,
2025-12-03 13:49:01.391,0xB4,8,1A,6F,1A,6F,1A,6F,1A,6F
2025-12-03 13:49:01.400,0x109,3,00,06,08,,,,,
2025-12-03 13:49:01.401,0x42,6,01,FF,01,FF,0A,0A,,
2025-12-03 13:49:01.402,0xB4,8,1A,6F,1A,6F,1A,6F,1A,6F
2025-12-03 13:49:01.410,0x242,3,00,0F,01,,,,,
2025-12-03 13:49:01.411,0x15,7,00,01,0A,00,00,0C,0B,
2025-12-03 13:49:01.412,0x42,6,01,FF,01,FE,0B,0A,,
2025-12-03 13:49:01.421,0xB4,8,1A,6F,1A,6F,1A,6F,1A,6F
2025-12-03 13:49:01.422,0x227,3,00,05,04,,,,,
2025-12-03 13:49:01.422,0xA0,3,00,0F,06,,,,,
2025-12-03 13:49:01.431,0x109,3,00,08,06,,,,,
2025-12-03 13:49:01.432,0x242,3,00,00,00,,,,,
2025-12-03 13:49:01.433,0x15,7,00,01,0A,00,00,0E,09,
2025-12-03 13:49:01.442,0x42,6,01,FF,01,FF,0D,07,,
2025-12-03 13:49:01.443,0xB4,8,1A,6F,1A,6F,1A,6F,1A,6F
2025-12-03 13:49:01.444,0x227,3,00,05,04,,,,,
2025-12-03 13:49:01.452,0xA0,3,00,00,08,,,,,
2025-12-03 13:49:01.453,0xB4,8,1A,6F,1A,6F,1A,6F,1A,6F
2025-12-03 13:49:01.454,0x242,3,00,01,0F,,,,,
2025-12-03 13:49:01.463,0x42,6,01,FF,01,FE,0F,06,,
2025-12-03 13:49:01.464,0xB4,8,1A,6F,1A,6F,1A,6F,1A,6F
2025-12-03 13:49:01.465,0x232,4,00,00,00,01,,,,
2025-12-03 13:49:01.474,0x15,7,00,01,0A,00,00,01,06,
2025-12-03 13:49:01.475,0xB4,8,1A,6F,1A,6F,1A,6F,1A,6F
2025-12-03 13:49:01.484,0x242,3,00,02,0E,,,,,
2025-12-03 13:49:01.484,0x15,7,00,01,0A,00,00,02,05,
2025-12-03 13:49:01.485,0x42,6,01,FF,01,FE,01,04,,
2025-12-03 13:49:01.494,0xB4,8,1A,6F,1A,6F,1A,6F,1A,6F
2025-12-03 13:49:01.495,0x109,3,00,0C,02,,,,,
2025-12-03 13:49:01.496,0xA0,3,00,02,07,,,,,
2025-12-03 13:49:01.505,0xB4,8,1A,6F,1A,6F,1A,6F,1A,6F
2025-12-03 13:49:01.506,0x242,3,00,03,0D,,,,,
2025-12-03 13:49:01.507,0x42,6,01,FF,01,FE,03,02,,
2025-12-03 13:49:01.516,0xB4,8,1A,6F,1A,6F,1A,6F,1A,6F
2025-12-03 13:49:01.517,0x232,4,00,00,02,0F,,,,
2025-12-03 13:49:01.518,0x15,7,00,01,0A,00,00,05,02,
2025-12-03 13:49:01.527,0xB4,8,1A,6F,1A,6F,1A,6F,1A,6F
2025-12-03 13:49:01.527,0x109,3,00,0E,00,,,,,
2025-12-03 13:49:01.537,0x15,7,00,01,0A,00,00,06,01,
2025-12-03 13:49:01.537,0x42,6,01,FF,01,FE,05,00,,
2025-12-03 13:49:01.538,0xB4,8,1A,6F,1A,6F,1A,6F,1A,6F
2025-12-03 13:49:01.547,0x227,3,00,05,04,,,,,
2025-12-03 13:49:01.547,0xA0,3,00,04,06,,,,,
2025-12-03 13:49:01.548,0x25D,3,01,01,02,,,,,
2025-12-03 13:49:01.557,0x42,6,01,FF,01,FE,01,04,,
2025-12-03 13:49:01.558,0x42,6,01,FF,01,FF,07,0D,,
2025-12-03 13:49:01.558,0x109,3,00,00,0E,,,,,
2025-12-03 13:49:01.559,0x232,4,00,00,04,0D,,,,
2025-12-03 13:49:01.568,0x227,3,00,05,04,,,,,
2025-12-03 13:49:01.569,0xA0,3,00,05,03,,,,,
2025-12-03 13:49:01.569,0x242,3,00,06,0A,,,,,
2025-12-03 13:49:01.578,0x109,3,00,01,0D,,,,,
2025-12-03 13:49:01.579,0x42,6,01,FF,01,FF,09,0B,,
2025-12-03 13:49:01.580,0x15,7,00,01,0A,00,00,0A,0D,
2025-12-03 13:49:01.589,0xB4,8,1A,6F,1A,6F,1A,6F,1A,6F
2025-12-03 13:49:01.590,0x25D,3,01,02,01,,,,,
2025-12-03 13:49:01.590,0xA0,3,00,06,05,,,,,
2025-12-03 13:49:01.599,0x242,3,00,07,09,,,,,
2025-12-03 13:49:01.600,0x15,7,00,01,0A,00,00,08,0F,
2025-12-03 13:49:01.601,0x15,7,00,01,0A,00,00,0C,0B,
2025-12-03 13:49:01.610,0xB4,8,1A,6F,1A,6F,1A,6F,1A,6F
2025-12-03 13:49:01.611,0x109,3,00,03,0B,,,,,
2025-12-03 13:49:01.612,0x227,3,00,05,04,,,,,
2025-12-03 13:49:01.621,0xA0,3,00,07,02,,,,,
2025-12-03 13:49:01.621,0x242,3,00,08,08,,,,,
2025-12-03 13:49:01.622,0x109,3,00,04,0A,,,,,
2025-12-03 13:49:01.631,0x15,7,00,01,0A,00,00,0E,09,
2025-12-03 13:49:01.632,0x25D,3,01,03,00,,,,,
2025-12-03 13:49:01.633,0xB4,8,1A,6F,1A,6F,1A,6F,1A,6F
2025-12-03 13:49:01.641,0x232,4,00,00,07,0A,,,,
2025-12-03 13:49:01.642,0x109,3,00,05,09,,,,,
2025-12-03 13:49:01.642,0x242,3,00,09,07,,,,,
2025-12-03 13:49:01.651,0x42,6,01,FF,01,FF,0B,09,,
2025-12-03 13:49:01.652,0x15,7,00,01,0A,00,00,00,07,
2025-12-03 13:49:01.653,0xB4,8,1A,6F,1A,6F,1A,6F,1A,6F
2025-12-03 13:49:01.662,0x109,3,00,06,08,,,,,
2025-12-03 13:49:01.663,0x227,3,00,05,04,,,,,
2025-12-03 13:49:01.663,0xA0,3,00,09,01,,,,,
2025-12-03 13:49:01.672,0x242,3,00,0A,06,,,,,
2025-12-03 13:49:01.673,0x25D,3,01,04,0F,,,,,
2025-12-03 13:49:01.674,0x109,3,00,07,07,,,,,
2025-12-03 13:49:01.683,0x42,6,01,FF,01,FE,01,04,,
2025-12-03 13:49:01.684,0xB4,8,1A,6F,1A,6F,1A,6F,1A,6F
2025-12-03 13:49:01.684,0x232,4,00,00,09,08,,,,
2025-12-03 13:49:01.693,0xA0,3,00,0A,03,,,,,
2025-12-03 13:49:01.694,0xB4,8,1A,6F,1A,6F,1A,6F,1A,6F
2025-12-03 13:49:01.695,0x42,6,01,FF,01,FF,0F,05,,
2025-12-03 13:49:01.704,0x15,7,00,01,0A,00,00,04,03,
2025-12-03 13:49:01.705,0xB4,8,1A,6F,1A,6F,1A,6F,1A,6F
2025-12-03 13:49:01.706,0x109,3,00,09,05,,,,,
2025-12-03 13:49:01.715,0x227,3,00,05,04,,,,,
2025-12-03 13:49:01.716,0xA0,3,00,0B,00,,,,,
2025-12-03 13:49:01.717,0xB4,8,1A,6F,1A,6F,1A,6F,1A,6F
2025-12-03 13:49:01.725,0x109,3,00,0A,04,,,,,
2025-12-03 13:49:01.726,0x42,6,01,FF,01,FE,05,00,,
2025-12-03 13:49:01.727,0xB4,8,1A,6F,1A,6F,1A,6F,1A,6F
2025-12-03 13:49:01.736,0x232,4,00,00,0B,06,,,,
2025-12-03 13:49:01.736,0x15,7,00,01,0A,00,00,07,00,
2025-12-03 13:49:01.746,0xB4,8,1A,6F,1A,6F,1A,6F,1A,6F
2025-12-03 13:49:01.746,0x42,6,01,FF,01,FE,03,02,,
2025-12-03 13:49:01.747,0x15,7,00,01,0A,00,00,08,0F,
2025-12-03 13:49:01.756,0xB4,8,1A,6F,1A,6F,1A,6F,1A,6F
2025-12-03 13:49:01.757,0x109,3,00,0C,02,,,,,
2025-12-03 13:49:01.758,0x227,3,00,05,04,,,,,
2025-12-03 13:49:01.767,0xA0,3,00,0D,0F,,,,,
2025-12-03 13:49:01.768,0xB4,8,1A,6F,1A,6F,1A,6F,1A,6F
2025-12-03 13:49:01.768,0x109,3,00,0D,01,,,,,
2025-12-03 13:49:01.777,0x42,6,01,FF,01,FF,09,0B,,
2025-12-03 13:49:01.778,0xB4,8,1A,6F,1A,6F,1A,6F,1A,6F
2025-12-03 13:49:01.779,0x232,4,00,00,0D,04,,,,
2025-12-03 13:49:01.788,0x242,3,00,0F,01,,,,,
2025-12-03 13:49:01.789,0xB4,8,1A,6F,1A,6F,1A,6F,1A,6F
2025-12-03 13:49:01.789,0x25D,3,01,07,0C,,,,,
2025-12-03 13:49:01.799,0x42,6,01,FF,01,FE,0B,0A,,
2025-12-03 13:49:01.800,0x15,7,00,01,0A,00,00,0C,0B,
2025-12-03 13:49:01.800,0xB4,8,1A,6F,1A,6F,1A,6F,1A,6F
2025-12-03 13:49:01.810,0x232,4,00,00,0E,03,,,,
2025-12-03 13:49:01.810,0xA0,3,00,0F,0E,,,,,
2025-12-03 13:49:01.811,0xB4,8,1A,6F,1A,6F,1A,6F,1A,6F
2025-12-03 13:49:01.820,0x42,6,01,FF,01,FF,07,0D,,
2025-12-03 13:49:01.821,0x42,6,01,FF,01,FF,0D,07,,
2025-12-03 13:49:01.830,0xB4,8,1A,6F,1A,6F,1A,6F,1A,6F
2025-12-03 13:49:01.831,0x25D,3,01,08,0B,,,,,
2025-12-03 13:49:01.832,0x42,6,01,FF,01,FF,0E,06,,
2025-12-03 13:49:01.841,0xB4,8,1A,6F,1A,6F,1A,6F,1A,6F
2025-12-03 13:49:01.842,0x109,3,00,01,0D,,,,,
2025-12-03 13:49:01.842,0x42,6,01,FF,01,FF,0F,05,,
2025-12-03 13:49:01.851,0x15,7,00,01,0A,00,00,00,07,
2025-12-03 13:49:01.852,0xB4,8,1A,6F,1A,6F,1A,6F,1A,6F
2025-12-03 13:49:01.853,0x109,3,00,02,0C,,,,,
2025-12-03 13:49:01.862,0xA0,3,00,01,0D,,,,,
2025-12-03 13:49:01.863,0xB4,8,1A,6F,1A,6F,1A,6F,1A,6F
2025-12-03 13:49:01.863,0x42,6,01,FF,01,FF,01,03,,
2025-12-03 13:49:01.872,0x15,7,00,01,0A,00,00,02,05,
2025-12-03 13:49:01.873,0xB4,8,1A,6F,1A,6F,1A,6F,1A,6F
2025-12-03 13:49:01.882,0x232,4,00,00,01,00,,,,
2025-12-03 13:49:01.883,0x15,7,00,01,0A,00,00,03,04,
2025-12-03 13:49:01.884,0xB4,8,1A,6F,1A,6F,1A,6F,1A,6F
2025-12-03 13:49:01.893,0x109,3,00,04,0A,,,,,
2025-12-03 13:49:01.893,0x15,7,00,01,0A,00,00,04,03,
2025-12-03 13:49:01.894,0xB4,8,1A,6F,1A,6F,1A,6F,1A,6F
2025-12-03 13:49:01.904,0x232,4,00,00,02,0F,,,,
2025-12-03 13:49:01.905,0x109,3,00,05,09,,,,,
2025-12-03 13:49:01.905,0xA0,3,00,03,0C,,,,,
2025-12-03 13:49:01.914,0x25D,3,01,0A,09,,,,,
2025-12-03 13:49:01.915,0x15,7,00,01,0A,00,00,0E,09,
2025-12-03 13:49:01.916,0x15,7,00,01,0A,00,00,06,01,
2025-12-03 13:49:01.925,0xB4,8,1A,6F,1A,6F,1A,6F,1A,6F
2025-12-03 13:49:01.926,0x232,4,00,00,03,0E,,,,
2025-12-03 13:49:01.926,0x227,3,00,05,04,,,,,
2025-12-03 13:49:01.935,0xA0,3,00,04,0E,,,,,
2025-12-03 13:49:01.936,0xB4,8,1A,6F,1A,6F,1A,6F,1A,6F
2025-12-03 13:49:01.937,0x109,3,00,07,07,,,,,
2025-12-03 13:49:01.946,0x38F,3,01,07,06,,,,,
2025-12-03 13:49:01.947,0xB4,8,1A,6F,1A,6F,1A,6F,1A,6F
2025-12-03 13:49:01.947,0x242,3,00,06,0A,,,,,
2025-12-03 13:49:01.956,0x109,3,00,08,06,,,,,
2025-12-03 13:49:01.957,0xA0,3,00,05,0B,,,,,
2025-12-03 13:49:01.958,0xB4,8,1A,6F,1A,6F,1A,6F,1A,6F
2025-12-03 13:49:01.967,0x15,7,00,01,0A,00,00,0A,0D,
2025-12-03 13:49:01.968,0x42,6,01,FF,01,FF,09,0B,,
2025-12-03 13:49:01.977,0xB4,8,1A,6F,1A,6F,1A,6F,1A,6F
2025-12-03 13:49:01.977,0x242,3,00,07,09,,,,,
2025-12-03 13:49:01.978,0x42,6,01,FF,01,FF,0A,0A,,
2025-12-03 13:49:01.987,0xB4,8,1A,6F,1A,6F,1A,6F,1A,6F
2025-12-03 13:49:01.987,0x109,3,00,0A,04,,,,,
2025-12-03 13:49:01.988,0x25D,3,01,0C,07,,,,,
2025-12-03 13:49:01.998,0x42,6,01,FF,01,FF,0B,09,,
2025-12-03 13:49:01.999,0xB4,8,1A,6F,1A,6F,1A,6F,1A,6F
2025-12-03 13:49:01.999,0x232,4,00,00,06,0B,,,,
2025-12-03 13:49:02.008,0xA0,3,00,07,0A,,,,,
2025-12-03 13:49:02.009,0xB4,8,1A,6F,1A,6F,1A,6F,1A,6F
2025-12-03 13:49:02.010,0x15,7,00,01,0A,00,00,0E,09,
2025-12-03 13:49:02.018,0x42,6,01,FF,01,FF,0D,07,,
2025-12-03 13:49:02.019,0x109,3,00,0C,02,,,,,
2025-12-03 13:49:02.020,0x242,3,00,09,07,,,,,
2025-12-03 13:49:02.029,0x227,3,00,05,04,,,,,
2025-12-03 13:49:02.030,0xA0,3,00,08,0C,,,,,
2025-12-03 13:49:02.031,0x25D,3,01,0D,06,,,,,
2025-12-03 13:49:02.031,0x109,3,00,0D,01,,,,,
2025-12-03 13:49:02.040,0x15,7,00,01,0A,00,00,00,07,
2025-12-03 13:49:02.041,0x42,6,01,FF,01,FF,0F,05,,
2025-12-03 13:49:02.042,0x242,3,00,0A,06,,,,,
2025-12-03 13:49:02.050,0x227,3,00,05,04,,,,,
2025-12-03 13:49:02.051,0xA0,3,00,09,09,,,,,
2025-12-03 13:49:02.052,0xB4,8,1A,6F,1A,6F,1A,6F,1A,6F
2025-12-03 13:49:02.061,0x42,6,01,FF,01,FF,05,0F,,
2025-12-03 13:49:02.062,0x42,6,01,FF,01,FF,01,03,,
2025-12-03 13:49:02.071,0xB4,8,1A,6F,1A,6F,1A,6F,1A,6F
2025-12-03 13:49:02.071,0x242,3,00,0B,05,,,,,
2025-12-03 13:49:02.072,0x227,3,00,05,04,,,,,
2025-12-03 13:49:02.073,0xA0,3,00,0A,0B,,,,,
2025-12-03 13:49:02.082,0xB4,8,1A,6F,1A,6F,1A,6F,1A,6F
2025-12-03 13:49:02.082,0x109,3,00,00,0E,,,,,
2025-12-03 13:49:02.083,0x15,7,00,01,0A,00,00,04,03,
2025-12-03 13:49:02.092,0xB4,8,1A,6F,1A,6F,1A,6F,1A,6F
2025-12-03 13:49:02.093,0x242,3,00,0C,04,,,,,
2025-12-03 13:49:02.102,0x42,6,01,FF,01,FF,04,00,,
2025-12-03 13:49:02.103,0xB4,8,1A,6F,1A,6F,1A,6F,1A,6F
2025-12-03 13:49:02.104,0x15,7,00,01,0A,00,00,02,05,
2025-12-03 13:49:02.113,0x25D,3,01,0F,04,,,,,
2025-12-03 13:49:02.114,0xB4,8,1A,6F,1A,6F,1A,6F,1A,6F
2025-12-03 13:49:02.114,0x242,3,00,0D,03,,,,,
2025-12-03 13:49:02.123,0x227,3,00,05,04,,,,,
2025-12-03 13:49:02.124,0xA0,3,00,0C,0A,,,,,
2025-12-03 13:49:02.125,0xB4,8,1A,6F,1A,6F,1A,6F,1A,6F
2025-12-03 13:49:02.134,0x109,3,00,03,0B,,,,,
2025-12-03 13:49:02.134,0x15,7,00,01,0A,00,00,08,0F,
2025-12-03 13:49:02.135,0xB4,8,1A,6F,1A,6F,1A,6F,1A,6F
2025-12-03 13:49:02.144,0x242,3,00,0E,02,,,,,
2025-12-03 13:49:02.145,0x227,3,00,05,04,,,,,
2025-12-03 13:49:02.146,0xA0,3,00,0D,07,,,,,
2025-12-03 13:49:02.154,0x25D,3,01,00,03,,,,,
2025-12-03 13:49:02.155,0x15,7,00,01,0A,00,00,06,01,
2025-12-03 13:49:02.156,0x15,7,00,01,0A,00,00,0A,0D,
2025-12-03 13:49:02.166,0x242,3,00,0F,01,,,,,
2025-12-03 13:49:02.166,0x109,3,00,05,09,,,,,
2025-12-03 13:49:02.167,0x227,3,00,05,04,,,,,
2025-12-03 13:49:02.168,0xA0,3,00,0E,09,,,,,
2025-12-03 13:49:02.176,0xB4,8,1A,6F,1A,6F,1A,6F,1A,6F
2025-12-03 13:49:02.177,0x42,6,01,FF,01,FF,09,0B,,
2025-12-03 13:49:02.186,0x109,3,00,06,08,,,,,
2025-12-03 13:49:02.187,0x242,3,00,00,00,,,,,
2025-12-03 13:49:02.187,0x25D,3,01,01,02,,,,,
2025-12-03 13:49:02.188,0x232,4,00,00,0E,03,,,,
2025-12-03 13:49:02.197,0x15,7,00,01,0A,00,00,0D,0A,
2025-12-03 13:49:02.198,0xB4,8,1A,6F,1A,6F,1A,6F,1A,6F
2025-12-03 13:49:02.207,0x109,3,00,07,07,,,,,
2025-12-03 13:49:02.208,0x15,7,00,01,0A,00,00,0E,09,
2025-12-03 13:49:02.209,0xB4,8,1A,6F,1A,6F,1A,6F,1A,6F
2025-12-03 13:49:02.217,0x109,3,00,08,06,,,,,
2025-12-03 13:49:02.218,0x227,3,00,05,04,,,,,
2025-12-03 13:49:02.219,0xA0,3,00,00,08,,,,,
2025-12-03 13:49:02.228,0xB4,8,1A,6F,1A,6F,1A,6F,1A,6F
2025-12-03 13:49:02.229,0x25D,3,01,02,01,,,,,
2025-12-03 13:49:02.229,0x42,6,01,FF,01,FF,0F,05,,
2025-12-03 13:49:02.238,0xB4,8,1A,6F,1A,6F,1A,6F,1A,6F
2025-12-03 13:49:02.239,0x232,4,00,00,00,01,,,,
2025-12-03 13:49:02.240,0x227,3,00,05,04,,,,,
2025-12-03 13:49:02.249,0xA0,3,00,01,05,,,,,
2025-12-03 13:49:02.249,0x109,3,00,0A,04,,,,,
2025-12-03 13:49:02.250,0x15,7,00,01,0A,00,00,0C,0B,
2025-12-03 13:49:02.259,0x15,7,00,01,0A,00,00,02,05,
2025-12-03 13:49:02.260,0xB4,8,1A,6F,1A,6F,1A,6F,1A,6F
2025-12-03 13:49:02.261,0x109,3,00,0B,03,,,,,
2025-12-03 13:49:02.270,0x15,7,00,01,0A,00,00,03,04,
2025-12-03 13:49:02.271,0x25D,3,01,03,00,,,,,
2025-12-03 13:49:02.271,0xB4,8,1A,6F,1A,6F,1A,6F,1A,6F
2025-12-03 13:49:02.281,0x15,7,00,01,0A,00,00,04,03,
2025-12-03 13:49:02.281,0x109,3,00,0C,02,,,,,
2025-12-03 13:49:02.282,0xB4,8,1A,6F,1A,6F,1A,6F,1A,6F
2025-12-03 13:49:02.291,0x232,4,00,00,02,0F,,,,
2025-12-03 13:49:02.292,0xA0,3,00,03,04,,,,,
2025-12-03 13:49:02.293,0xB4,8,1A,6F,1A,6F,1A,6F,1A,6F
2025-12-03 13:49:02.302,0x109,3,00,0D,01,,,,,
2025-12-03 13:49:02.302,0x42,6,01,FF,01,FF,05,0F,,
2025-12-03 13:49:02.312,0xB4,8,1A,6F,1A,6F,1A,6F,1A,6F
2025-12-03 13:49:02.312,0x25D,3,01,04,0F,,,,,
2025-12-03 13:49:02.313,0x227,3,00,05,04,,,,,
2025-12-03 13:49:02.314,0xA0,3,00,04,06,,,,,
2025-12-03 13:49:02.323,0xB4,8,1A,6F,1A,6F,1A,6F,1A,6F
2025-12-03 13:49:02.323,0x242,3,00,06,0A,,,,,
2025-12-03 13:49:02.324,0x15,7,00,01,0A,00,00,08,0F,
2025-12-03 13:49:02.333,0xB4,8,1A,6F,1A,6F,1A,6F,1A,6F
2025-12-03 13:49:02.334,0x232,4,00,00,04,0D,,,,
2025-12-03 13:49:02.344,0x42,6,01,FF,01,FE,08,0D,,
2025-12-03 13:49:02.345,0xB4,8,1A,6F,1A,6F,1A,6F,1A,6F
2025-12-03 13:49:02.345,0x109,3,00,00,0E,,,,,
2025-12-03 13:49:02.354,0x25D,3,01,05,0E,,,,,
2025-12-03 13:49:02.355,0x15,7,00,01,0A,00,00,0A,0D,
2025-12-03 13:49:02.356,0xB4,8,1A,6F,1A,6F,1A,6F,1A,6F
